English Sentence,Hausa,Sexism
I get a new pussy every other week or whenever i want really. Didnt have to learn how to either from YouTube videos. Also PUAs dont get laid. At best they get 5/10 asian ladies after spending years pretending to be something they aren't. Its pathetic,"Ina samun sabuwar mace kusan duk mako ko duk lokacin da na ke so. Ban ma bukaci koyo daga bidiyon YouTube ba. Haka kuma, waɗanda ke ikirarin sanin yadda ake jan hankalin mata (PUAs), ba su kan samu nasara. Mafi yawan abin da za su iya samu shi ne mata ‘yan asalin Asiya masu matsakaicin kyau (5/10) bayan shekaru suna kwaikwayon abin da ba su ke ba. Abin kunya ne",Yes
,An hana sana’ar Adai daita sahu a Kano daga Goma na dare zuwa shida na safe …,No
O come on there's no way any men are attracted to her shes a pig🙄,"Haba mana, ba yadda za a ce wani namiji yana jin sha’awanta , haba kamar alade take fa. 🙄",Yes
,"TAMBAYA !!! TAMBAYA !!! TAMBAYA !!!
WAI MEYASA WASU YAN SIYASA SUKE DAUKAN JAMA'A DA DELIGATE BASUSAN ME SUKEYIBANE WAI SAI SIYASA TAZA LOKACINNE AKESANIN AMFANIN MUTANE AMMAN IDAN LOKACIN YAWUCE TO KUNZAMA YAN ISKA DA SUNA INA DELIGATE YAKAMATA KUYI AIKIN ALLAH TUNDA BAKUSAN RANAN MUTUWARKUBA ALLAH YASA KUGANE",No
"Former BBC journalist Thuto Mali says that universal credit is now a woman’s rights issue as it’s affecting her finances. If she wants to open her legs and sprew a sprog that’s her problem , my problem is I’m not willing to finance the sprog","Tsohuwar ‘yar jaridar BBC, Thuto Mali, ta ce tsarin tallafin Universal Credit yanzu ya zama batun ‘yancin mata domin yana shafar harkokin kuɗinta. Idan tana son buɗe ƙafafunta ta cigaba da haifan yara, wannan matsalarta ce; matsalata ita ce, ba zan ɗauki nauyin rikon wannan yaron ba.",Yes
"Please.... take my wife, rape my daughter!! But whatever you do, leave the j00s alone!!! - cuckolded """"conservatives""""","Dan Allah.. ɗau matata, yi fyaɗe wa 'yata!! amma kome zaka yi kar ka taɓa J00s..... - matan da bata da amana",Yes
Pink is very feminine so I accept this bikini babe :) You've paid your dues :),"Ruwan hoda (pink) yana da matuƙar alaƙa da matantaka, don haka na amince da wannan budurwar da ke sanye da bikini. Kin biya bashinki.",No
"Yes. Especially these days, it takes a lot to make a man beat a woman. Dont buy into her bullshit. She probably deserve. At least hear the version of the guy. I would make an exception if it was a severe beating.","Eh. A zamanin yau, abu ne mai nauyi zai sa namiji ya ɗauki matakin dukan mace. Kada ka yarda da abin da take faɗa kawai. Watakila ita ce ta haddasa matsalar. A ƙalla, a saurari ɓangaren maganar namijin. Zan iya fahimta ne kawai idan cin zarafin ya wuce ƙima matuƙa.",Yes
,Tunda team ustazai ta dawo kuzo mu tattauna matsalar Besty da kuma amfaninsa 😂😂😂,No
I asked his dumbass why he fell for her. She has that gross cow-ring on her nose. Ugly af and he gets sexy bitches.,"Na tambaye shi dalilin da ya sa ya kamu da son wannan yarinyar. Tana da abin sarƙa a  hanci mai kama da na saniya da ba ya da kyau kwata-kwata. Ba ta da kyau, kuma shi yana iya samun kyawawan karuwai.",Yes
,"Baba Buhari ne ya yanka PDP a 2015,kuma ya binneta a 2015,
Don haka PDP ta zama tarihi a Nigeria insha Allahu.",No
"hotter girls have higher bitch shields and shit test more, its called the hot-shit paradox lol","Mata (Karuwai) da suka fi jan hankali suna da wani garkuwa wanda yake da daɗi, kuma ana ƙiran abin hot-shit paradox",Yes
[USER] Is that Hitlery? looks like her hips and ass,(User) shin wancan hitlery ce? kaman leɓɓan ta da mazaunan ta,Yes
"Nope, nothing happened. She never filed a police report... she just """"confided"""" in the right people and the rumor mill did the rest. A lot of politics in the military, and even rumors destroy people.","A'a, babu abin da ya faru kai tsaye. Ba ta taɓa kai rahoto ga ‘yan sanda ba... kawai ta gaya wa wasu da suka dace abin da ya faru, sai jita-jita yayi tasiri. Akwai siyasa sosai a cikin rundunar soja, kuma jita-jita kaɗai na iya lalata rayuwar mutum",No
you don't praise women who act like cunts > >:( >must be an incel,Kar ka yabi mata masu yin abu kaman karuwai... bai dace ba,Yes
She may be worth what someone paid for her in terms of stimulating walking away.,"Wataƙila tana da darajar abin da wani ya kashe a kanta, idan za a yi la’akari da yadda take barin wajen cikin ƙasaita",No
"When I don't like a girl, who is not 'right' for me: I give her a can of porks and beans, stick an apple in her mouth, and throw her out the door.","Idan mace bata min ba, sai in ba ta gwangwanin wake da nama, in sa mata tuffa a bakin ta tamkar ina masa dariya, sannan in wurgo ta waje.",Yes
Yet women in the developing world seemingly have the balls to go into STEM in vastly higher numbers than the daughters of first world feminism. Very strange....,Amma mata a ƙasashe masu tasowa suna da ƙarfin guiwa su shiga fannoni na kimiyya da fasaha irin na (STEM) fiye da ‘ya’ya mata na ƙasashen da suka ci gaba waɗanda ke ƙarƙashin tasirin gwagwarmayar mata. Abin abin mamaki ne ƙwarai...,No
"Late teens are like the easiest girls to have sex with, why compicate shit?",Yan mata ƙasa da shekaru Ashirin sun sauƙin samun daman a kwanta da su. me yasa zaka wahalar da kan ka?,Yes
,"Idan aka tsaida jirgin kasa daga Kaduna zuwa Abuja nan da wata uku, a sa kowa, babba da talaka ya bi hanyar mota, kuna ganin za’a samu tsaro a hanyar?Idan aka watsa rundunonin soja su rike hanyar Kad/BG, za’a samu tsaro?",No
But first.... That bitch better get her ass in the kitchen and make me a sammich.,Amma kafin komai... wannan karuwan ta tashi ta shiga madafi ta haɗa min Sandwich,Yes
"Get tough looking guy friends, then have them accompany you when you go to ask out girls. They'll never say no, because of the implication.","Ku samu mazaje masu ƙarfi sai su raka ku wajen neman 'yan mata, baza su taɓa ƙi saboda tsoron abin da zai je ya dawo",Yes
,An hana sana’ar Adai daita sahu a Kano daga Goma na dare zuwa shida na safe …,No
"An accident is an accident and excusable. If I smelt bleach though, I'd push it down her neck, woman or no woman!","Hatsari dai hatsari ne kuma ana karɓan uziri, amma idan naji qamshin bleach sai na kwarara mata a wuya, ko wanene!",Yes
Why am I not surprised that ToroFA is implying that she's a dirty dishrag whore? Ghost of True Capitalist Radio is right. Women are a menace to society in America.,Me yasa ban yi mamakin yadda ToroFA ke nuna cewa ita karuwa ce mai datti?  Fatalwar Gidan Rediyon Jari-Hujja na Gaskiya daidai ne.  Mata barazana ce ga al'umma a Amurka.,Yes
,"Baba Buhari ne ya yanka PDP a 2015,kuma ya binneta a 2015,
Don haka PDP ta zama tarihi a Nigeria insha Allahu.",No
"[USER] """"I can smell her dying from here."""" :)","[USER] """" Ina jin alamun mutuwarta daga nan."" :)",Yes
Intentionally spill some wine on her and hope she takes off her clothes,Zuba mata Giyar wine da gangan hakan zai sa ta cire kayan jikinta,Yes
,"TAMBAYA !!! TAMBAYA !!! TAMBAYA !!!
WAI MEYASA WASU YAN SIYASA SUKE DAUKAN JAMA'A DA DELIGATE BASUSAN ME SUKEYIBANE WAI SAI SIYASA TAZA LOKACINNE AKESANIN AMFANIN MUTANE AMMAN IDAN LOKACIN YAWUCE TO KUNZAMA YAN ISKA DA SUNA INA DELIGATE YAKAMATA KUYI AIKIN ALLAH TUNDA BAKUSAN RANAN MUTUWARKUBA ALLAH YASA KUGANE",No
Stop being a fuckin pussy and tell her to grow the fuck up.,Dan Allah ka bar zama shasha kawai kace mata tayi hankali.,Yes
1406 BCE. Your grandmas pussy must be dry as fuck!,1406BCE. Farjin kakar ka/ki dole ne ya kasance a bushe.,Yes
A simple femoid who can not resist Chad's allure,Femoid kawai da ba zai iya jan hankali irin na chadi,No
An insufferable NPCUNT. She ask for his name and she turn it into sexual harassment.,NPCUNT mara nauyi.  Ta nemi sunansa sannan ta mayar da sunan na cin mutuncin jinsi.,Yes
,"TAMBAYA !!! TAMBAYA !!! TAMBAYA !!!
WAI MEYASA WASU YAN SIYASA SUKE DAUKAN JAMA'A DA DELIGATE BASUSAN ME SUKEYIBANE WAI SAI SIYASA TAZA LOKACINNE AKESANIN AMFANIN MUTANE AMMAN IDAN LOKACIN YAWUCE TO KUNZAMA YAN ISKA DA SUNA INA DELIGATE YAKAMATA KUYI AIKIN ALLAH TUNDA BAKUSAN RANAN MUTUWARKUBA ALLAH YASA KUGANE",No
"Insecurity is gross. Call her out on her bratty behaviour (yes, sometimes this means continuing EVEN AFTER she starts crying) or dump her asap.","Rashin kwarin gwiwa abin ƙyama ne. Ka fuskance akan idan tana nuna halayen rashin mutunci ko yaranta (eh, wani lokaci wannan yana nufin ci gaba da fuskantar ta ko da ta fara kuka), ko kuma ka rabu da ita cikin gaggawa.",Yes
[URL] Proof that the meth head bitch who ripped her own eyes out in South Carolina is a coal burner. Now she's a blind whore with a cunt that stinks like nigger shit-stink and AIDS.,[URL] Tabbacin cewa kurwar meth wacce ta fizge idonta a South Carolina mai kona kwal ne.  A yanzu ta kasance makauniyar karuwa ce mai wari kamar wari na niger AIDS.,Yes
"as if a virgin woman can't figure out within the first 5 seconds of sex how to lay there and take it and moan a little bit, all they need to do for good sex","kamar budurwa ba zata iya gane lamarin a cikin daƙiƙa 5 na farkon jima'i ba yadda ake kwanciya kuma a shiga sannan ta yi nishin jin daɗi kaɗan, duk abin da ake buƙata don jima'i mai kyau.",Yes
,Tunda team ustazai ta dawo kuzo mu tattauna matsalar Besty da kuma amfaninsa 😂😂😂,No
"Well we already had a feminist doctor killing off patients (Fuck you Dr. Barton, burn in hell cunt.) This is not surprising. The government want the men dead, and they'll get every woman in on it that they can.","To, mun riga mun sami likita 'yar kare hakkin mata ta kashe marasa lafiya (Fuck you Dr. Barton, ki ƙone a cikin gidan wuta.) Wannan ba abin mamaki ba ne.  Gwamnati na son mazaje su mutu, kuma za su sa kowace mace ta shiga cikin tafiyar in har za su iya.",Yes
Because she's a skank.,Saboda karuwa ce,Yes
,"Idan aka tsaida jirgin kasa daga Kaduna zuwa Abuja nan da wata uku, a sa kowa, babba da talaka ya bi hanyar mota, kuna ganin za’a samu tsaro a hanyar?Idan aka watsa rundunonin soja su rike hanyar Kad/BG, za’a samu tsaro?",No
"the stupid bitch thinks she's edgy and a 'bad ass'. these hoes are so fucking lame. bet the dumb bitch got 20,000 likes and simps saying retarded shit in her comments.","Wannan wawiyar 'yar iskar ta ɗauka ita jar wuya ce. waɗannan karuwan basu da aramshi, ina tunanin wancan karuwan ta samu yabo 20,000 kuma wasu wawaye suna zagi a wajen yin tsokaci",Yes
,An hana sana’ar Adai daita sahu a Kano daga Goma na dare zuwa shida na safe …,No
You dont. She has done 3 whole years on the streets. Let her remain in her habitat,"kar kayi. tayi shekaru uku a bariki, bar ta a wajen da ya dace da ita",Yes
,Tunda team ustazai ta dawo kuzo mu tattauna matsalar Besty da kuma amfaninsa 😂😂😂,No
,"Ina masu cewa batun cikin aisha buhari karyane ku Kalli wannan video 🙈.

ashe baba da lafiyarsa MashaAllah allah ya raba lafiya.

",No
Online dating culture. Any 5/10 girl and above would get the 99+ likes notification within a day of joining tinder. Gives them automatic abundance to spin plates. Plus feminism encourages them to sample as many dicks due to sexual liberation.,"Al'adar soyayya ta kan layi.  Duk wata yarinya 5/10 da sama za ta sami sanarwar yabo 99+ a lokacin da ta shiga tinder.  Hakan zai ba su dama wajen juya akala, Bugu da ƙari rajin kare hakkin mata yana basu daman fita a yayin da da yawa daga cikin mazakuta suka shirya yin jima'i",Yes
,"Baba Buhari ne ya yanka PDP a 2015,kuma ya binneta a 2015,
Don haka PDP ta zama tarihi a Nigeria insha Allahu.",No
"This girl got wrecked, can't remember anything (at all) and 'assumes' she was raped? CPS supposition at it's finest. [URL] #chedevans #uk #courts #justice","Yarinyar an lalata ta, ba za ta iya tuna komai ba (ko kaɗan) kuma wai 'tace' an yi mata fyaɗe?  CPS zato a mafi kyau.  [URL] #chedevans #uk # kotuna #adalci",Yes
,"Idan aka tsaida jirgin kasa daga Kaduna zuwa Abuja nan da wata uku, a sa kowa, babba da talaka ya bi hanyar mota, kuna ganin za’a samu tsaro a hanyar?Idan aka watsa rundunonin soja su rike hanyar Kad/BG, za’a samu tsaro?",No
This woman knows a lot about free dick!,Wannan tana da ilimi kan samu mazakuta kyauta!,Yes
,"Rashin 
Aure ma 
Azabace 
😭😭😭",No
,“Karya ne ka bi ya’yan mutane ka ce ba za a bi naka ba”…,No
"[URL] Where are the feminists decrying the violence against this woman? Why do feminists defend an ideology that claims women are second class citizens you can beat and rape if they aren't with their """"man""""?","[URL] Ina masu ra'ayin mata da ke yanke nuna kuke akan cin zarafin wannan matar?  Me ya sa 'yan mata ke kare wata aƙidar da ke ikirarin cewa mata 'yan ƙasa ne amma aji na biyu, wanda zaka iya dukan su kuma kayi musu fyaɗe idan ba sa tare da mazajen su?",Yes
,"( Maza ,suka ce ) 👉
Mata mutanen mu mata masu 
abun bamu❓
🌷👏🌷 ,",No
Holy shit fuck that woman.,Kai!! tsinuwa akan wancan matar.,Yes
,"Ki sani yake yar uwata, gwargwadon yadda kike kuLawa da mijinki gwargwadon yadda tunanin sa ze tsaya a kanki ke kadai👌🏽",No
,"KISANI AURE NE KAWAI ZAI TABATAR MAKI DA KOKE WACE CE 
ALLAH YABAKU MAZAJE 
🌷👏 NAGARI🌷👏",No
,"ANCE PDP KUNCE PositiveWER 
ANCE APC KUNCE CHANJI 
IDAN AKACE MAHAMMADU 
RASULINLA MIZAKUCE",No
"I like 19 year old pussy. I know, call me crazy...","Ina son farjin 'yan shekara 19, na sani, zaka iya ƙira na mahaukaci...",Yes
"I will never ask anyone out. They will have to do so, and I will deny any ugly degenerate whore so hard, to destroy her confidence utterly.","Ba zan taɓa tambayar kowacce yarinya zuwa hira ba. Za su yi haka, kuma zan ƙi duk wata karuwa da ƙarfi , don in tarwatsa mata ƙwarin gwiwanta kwata-kwata.",Yes
"Well i used to be fat skinny, and i fucking hated it. I had the strength of a women but belly of an alcoholic. Lost weight and gymmaxxed but no weight lifting can fix your face","To ni na kasance mai kiba, kuma na tsane hakan.  Ina da ƙarfin mace amma ciki na mashaya.  Rasa nauyi da gymmaxxed amma babu wani ɗaga nauyi da zai iya gyara fuskarka",No
"I don't know about you, but every girl on there swipes no for me except for the bots, prostitutes and fat/ugly black girls. From this I've concluded that tinder is a waste of time","Ban san ku ba, amma duk yarinyar da ke can wuce ni suke yi sai dai bots, karuwai da 'yan mata masu ƙiba/munana.  Daga nan na yanke cewa tinder ɓata lokaci ne.",Yes
This woman makes me almost believe in David Icke’s reptilian theory.,Wannan matar tana kusa da sa ni in yarda da ra’ayin David Icke na Reptilian theory.,No
"Holy shit, I’m reading some shit on your other comments about her having genital warts? You know what, do us all a favor and just cum in this chick already. You clearly haven’t learned shit here.","Kut..ina karanta wasu maƙala akan sauran maganganun ku game da ciwon farjinta? Ka san me, da zaka zuba maniyyi a cikin farjin ta da ka kyauta mana.  Hakan ya nuna baka samu ilimin komai ba kenan.",Yes
"2001 a Space Odyssey had two guys and a robot, but she was pretty bossy. The entire movie consisted of the crew trying to get her to shut up and stop breaking things. I'm exaggerating but, it is a classic and before feminism.","A cikin fim ɗin 2001: A Space Odyssey, akwai maza biyu da na’ura mai hankali (robot), amma tana da ɗabi’ar yin katsalandan sosai. Gaba ɗaya fim ɗin ya nuna ƙoƙarin masu jirgin na hana ta ci gaba da lalata abubuwa da yin magana. Ina yin wasa da kalmomi, amma fim ɗin yana daga cikin na tarihi kafin zuwan gwagwarmayar mata.",No
Lol. My therapist is an attractive young and sweet lady. I won’t be ghosting her anytime soon,"Abin dariya, Likitar tunanina kyakkyawa ce, yarinya kuma mai kirki. Ba zan bar ta haka kawai ba a kowane lokaci kusa ba",No
Men are better at everything than women. Even when it comes to looks.,"Maza sun fi mata komai, hatta kyawun fuska.",Yes
"It's a sad day for men when a once virile, gold-medal American olympic champion decides he'd rather be female..TRP is more important now than ever....","Wata rana mai baƙin ciki ce ga maza idan gwarzon wasannin Olympics daga Amurka wanda ya taɓa kasancewa ƙarƙashin ƙarfi da kuzari, ya yanke shawarar zama mace. Wannan yana nuna muhimmancin ra’ayoyin TRP fiye da da.",Yes
,ZAGIN BABA BUHARI Fasiqancine Domin Shugaban kane Indaikai Dan Najeriya ne Baba Allah Yaqara Shiga Lamuranka,No
"I got """"metoo-ed"""" holy shit lol. It's funny and also scarily possible.","An min """"metoo-ed"""" abin dariya kuma abin tsoron da zai iya tabbata.",Yes
,"Allah Sarki mu.Yan Arewa kullum
Sai kisan gilla akemana.ba'a daukan
Matakin.da yadashe. Sai hakuri ake ta faman bamu.",No
"Happened to my buddy too, was the best man in his wedding, talked to him once since and that was like 3 years ago. His wife is a bitch and forced him to purge all the friends of his she didn't like out of his life.","Hakan ma ya faru da abokina; ni ne babban shaida a bikin aurensa, amma tun wancan lokaci na yi magana da shi sau ɗaya kacal  kusan shekaru uku kenan da suka wuce matarsa 'yar iska ce, sai da ta raba shi da duk abokan sa wanda ba su mata ba.",Yes
,"Matsalar face book kenan labari daya idan aka samu sai an sudeshi tsaf 😂
Yanzu dai duk inda ka leka labarin wani mara daraja ake waishi Besty 🙄",No
"Or where you tell her everything and anything, and she constantly lies, manipulates, deceives, gas lights, and abuses!","Ko kuma lokacin da ka gaya mata komai da gaskiya, amma kullum tana ƙarya, yaudara, amfani da dabarun ruɗu, da cin zarafi.",Yes
,"CANJIN SHEKA DAGA JAM'IYAR APC ZUWA JAM'IYAR NNPP MAI ALAMAR KAYAN DADI A KARAMAR HUKUMAR BIRNIWA....

A yau laraba wacce daidai da 29/6/2022. Jam'iyar NNPP mai alamar kayan dadi reshen jahar jigawa karamar hukumar BIRNIWA tayi babban kamu a matsabar KARANKA dake karamar hukuma BIRNIWA

Inda ta karbi dandazon matasa sama da mutum dari 100 a garin MASEWA Dakuma KAABEWA dake mazabar KARANKA. Matasan sun bayyana dalilin su na barin Jam'iyar APC yayinda sukayi bayani kaman haka.....
""Mun bada duk wata gudumawa da ake bukata daga wajen matasa a kakar zaben 2015 tare da yakinin zamuga alkhairi dakuma canji kaman yadda suka fada. Amma sai gashi sunci amanar mu sun yaudaremu har gara jiyama duba da irin halin da kasa take ciki tun daga matakin kasa har izuwa karamar hukuma, wannan shine kadan daga cikin dalilin dayasa muka yanke hukuncin sauya sheka izuwa wannan Jam'iya ta NNPP""

Daga karshe wakilin shugaban Jam'iya MAL SANI MADU GUNSUMI tare da wakilan sectary jam'iya kuma Dan takarar REP mai wakilar BIRNIWA, GURI, KIRI KASAMMA, ALH ADAMU HASSAN ABUNABO dakuma Dan takarar Dan majalissar Jaha mai wakiltar karamar hukumar BIRNIWA HON IDRIS ALIYU KOLOMI Sun karbi wannan matasa hannu bibbiyu tare da addu'ar Allah ya bawa wannan Jam'iya tamu ta NNPP nasara tun daga matakin kasa har izuwa karamar hukuma 

SIYASA DA KULawA..
#NNPPALHERI",No
"[USER] Yeah, liberal women are so dumb they almost deserve the destruction that would befall them if they were thrown among muslims. Liberal women are about hopeless, they really are.","[User] E, Mata masu zaman kan su wawaye ne, sun cancanci duk wani tangarɗa da zai same su idan aka sanya tsakanin musulmai, Mata masu zaman kan su lalatattu ne, tabbas haka suke.",Yes
,"ALHMDULILLAH

Yan uwa kusani cikin adduarku na rabauta da kujerar SSA. Allah yasa musauke nauyin da aka dora mana naganin munzama wakilan jam'iyarmu ba wakilan kanmuba.

Ina mika godiyata ta musamm ga jagororinmu

Hon. Ibrahim Ahmad karaye(madakin karaye).

Maigidana wato oga katafila sarkin aiki Hon.Balarabe isyaku Bade.

Sai karaminsu kuma babbansu Hon. Aminu Musa Ado Karaye

Da sauran yan jam'iya manya da yara ina godiya da wannnn karamci da akayimin .

Nagode! Nagode!! Nagode",No
"How to beat a woman, the right way ... lol","Yanda zaka bugi mace, ta hanyar da ta dace.. abin dairya",Yes
,"Kwankwaso ne kadai idan muka zabe shi zai tsaya a Nigeria yayi mana aiki, mun gani da yana gwamna sai ka iya irga sau nawa yaje Abuja, idan kaga yafita kasar waje Umarah yaje ko India ko Sudan dubo lafiyar daliban da yakai.

Idan muka zabi Atiku, kullum yana hanyar zuwa Dubai da China, ko Mai ke faruwa indai Arsenal suna wasa sai ya tafi ingila kallon wasan. kuma dai kunsan yana da hannun Jari a kanfaninnikan kasar waje da dama, babu yadda za'ayi ya bar kasuwancinshi ya karye saboda ku, dole ya dunga fita yana bibiya. 

idan kuwa muka zabi Bola tinubu, babu party ko gayyatacciyar dinner da zai ki halarta a America, ko France da sauransu. kullum yana Kan iska. kun san yarabawa da son party, ko benchi aka kada sai sunyi rawa. Kuma shima gashi dan kasuwa Mai hannun Jari a kanfaninnikan waje da dama , dole ya bibiyi investment. 

Yan kasa kuyiwa kanku karatun ta natsu kada muje mu kara zabo YAWALE PART 2. shawarace.

Munga yadda marigayi General Sani Abacha ya zauna bai fita ko Ina ba ya gina kasar shi. munga yadda kwankwaso yana gwamna ya zauna a jihar Kano wanda shiyasa ma suke cemasa Local Champion amma ya gina jihar shi. 

Muhd_RH",No
,Ina ma zai yiwu a gaya mana ko kudin mu nawa aka kashe a tafiyan Shugaba Buhari Dubai da Ministoci goma da sauran jami’ai a wannan halin da muke ciki?Sannan a gaya mana amfanin da zai biyo wannan sharholiyar?,No
"LOL. Wall up,titless,butless,hag trying to stay in the spotlight. Notice how these bitches are all about caring but have done nothing to actually help those in need with their tons of money? So fucking fake.","LOL. wadda basu da nono kuma basu da mazaunai, karuwai wanda suke dage sai sun ci gaba da kasancewa shahararru, ka lura da yanda waɗannan karuwan suke nuna sun damu amma basu aikata komai don taimakon mabuƙata da kuɗin su mai tarin yawa? Maƙaryata kawai.",Yes
,"TSOHUWA tace yaro kai ne ZULUM? yace eh MAMA nine ta ce kai ne GWAMNA? yace eh MAMA

Ta ce ZULUM Allah yayi maka albarka, ya kare gaban ka da bayanka.Allah yasa kagama da duniya Lafiya.

Kai mai karantawa don Allah daure kace Ameen Kuma Kayi Sharing",No
,Kai Jama'a rijiya ta bada ruwa kogi ya hana sakon nan nawa kaitsaye Zuwa ga gwamnatin Jihar Jigawa akan maganar J tech mu a Nahuche Sunayen wanda suka fito wani mutum wanda yake aiki a ma aikatar ilimi ta Jiha ya cire Sunayen 'Yan Nahuche mai girma Gwamna Alh Muhammad Badaru Abubakar Talamiz kai jagoran Talakawa ne Sabo da haka muna mukatar a Taimaka mana Shifa Wannan mutumin na sanshi kuma har gidansa Nasani kuma friend dina Sannan kuma Babban mutum Sannan kuma mak'abcin garinmu ne kai Bawan Allah Matsalarka da mutum daya ko biyu bai kamata tashafi 'Ya'yan Talakawan Nahuche ba!! Mai girma gwamna A duba mana dan Allah tun bamu fara fitowa muna zano sunansa ba! Zan dan takaita kanna ci gaba.,No
Actually she looks more the back end of a donkey.,A gaskiya tafi kama da bayan jakai.,Yes
,"Mai Gidan Mu Yadda Kake Faran ta wa Alumma kaima Allah Ya Faran ta Ma.

Amin.

",No
i don't wanna suck any beef curtain flaps 😂,Bana son tsotsar naman sa😂,Yes
,"Salisu T. Balarabe, daraktan shirin nan mai farin jini na Kwana Casa'in, ya bayyana dalilinsu na sauya tauraruwar da ke taka rawa a matsayin Salma.",No
,"Ni Ba Cikakkiyar Budurwa Ba Ce, In Ji Rahama Sadau

Fitacciyar Jarumar Kannywood Rahama Sadau ta bayyana cewa ita ba cikakkiyar budurwa ba ce, ta jima da rasa budurcinta ba kuma ta hanyar aure ba.

Ta ce"" Kowa da irin dabi'arsa, ni ba na munafunci cikin lamurana, na rasa budurcina tuntuni, ban taba yin aure ba, amma ba zan iya lissafa ko sau nawa na zubar da ciki a jikina ba."" 

Mene ra'ayinku?

Majiya:- Kano Online Tv",No
,"Rayya Matar Manya!
Me ya sa Rayya take da farin jini kamar kuɗi?
📷 Arewa24",No
"With all the money that she received from loser men and still didn't have any common sense whatsoever to save any as a back up when shit goes side ways, which she reaps what she sows and an army of loser men will save her.","Duk da yawan kuɗaɗen da ta karɓa daga mazan da ba su da cikakken hangen nesa, har yanzu ba ta samu hankalin tanadi ko ajiya ba domin kariya idan al’amura suka rikice. Amma yanzu tana fuskantar sakamakon abin da ta shuka, kuma wata kila wasu daga cikin waɗannan mazan za su zo su taimake ta.",Yes
,Ina rashin lafiya.Ina barar addua.Nagode.Allah Ya saka da alheri.,No
,RANAR MUTUWAR MUMINI RANAR FARIN Ciki Agareshi Ya Allah Kakar6i Ranmu Muna Masu Imani,No
Don’t forget society tells these women they are plus sized queens instead of telling them they are fat and need to lose weight.,"Kada a manta, al’umma na gaya wa waɗannan mata cewa su sarauniyar masu jiki ne maimakon a gaya musu gaskiya cewa suna da kiba kuma ya kamata su rage nauyi don lafiyarsu.",Yes
,Assalamualaikum mata a yau kuna kokari amma yakamata kurika gayyatar malamiai mata akoina a arewacin nagerianan suna fadakarwa da bada shawara Shirin zai kara armashi sosai da kwadatuwar sauraro Allah ya ya kara daukaka,No
"Women initiate sex all the freaking time.... But you have to make the environment conducive to that. If you maintain a relationship with her where she feels comfortable, sexy, appreciated, etc. she will initiate like crazy.","Mata ke fara kawo jima'i a ko yaushe, amma dole ka samar da yanayin da ya dace. idan ka iya kula da dangantaka da ita yanda take samu nutsuwa da kwanciyar hankali ko yaushe ita ce zata farar da jima'i.",Yes
,"Ga tambaya ga yan Nigeria
NIGERIA sai ........................
In Buhari ne press A
In Atiku ne press B",No
,"Nafisa ta ce ba za ta iya ci gaba da fitowa a shirin na ‘Labarina’ ba saboda wasu dalilai na kashin kanta, sai dai wasu majiyoyi sun tabbatar wa BBC Hausa cewa ta dauki matakin ne saboda an samu rashin jituwa tsakaninta da mai shirya shirin, Aminu Saira.",No
How’d your mom get a dick?,Ta yaya mamarka ta samu mazakuta?,Yes
,Wallahi ribar musulmi a facebook itace aduk sanda kaji wani yace annabi muhammad yace Sallallahu alaihi wassalam,No
"Fair enough I agree with you, telling your daughter she's too ugly for the guy she is crushing on is a horrible thing to say. That's why fathers will instead emphasize that many men are looking for sex so she can put two and two together herself.","Gaskiya ne, na yarda da kai. Faɗa wa ɗiyarka cewa ba ta da kyau sosai har ma ba ta dace da saurayin da take so, abin kunya ne kuma kalma ce mai muni. Shiyasa da yawan iyaye suke faɗa wa 'ya'yan su cewa maza na son kwanciya da su ne, ta haka ne zasu fahimci abin da ake so a isar.",Yes
,Wai Dan Allah meyasa daga zaran mace tasamu ciki namiji ke gudun ta 😪😪,No
,Naceba.... Zaku zo muyi Dan modinne ko Kuma har yanzu kuna nanaye. Maganar Gwamnan Gobe muke a Jigawa.,No
"Occasionally, without me knowing it, my wife's vagina will reset itself from the original factory settings to 'Challenge Mode.'","Lokaci-lokaci, ba tare da na sani ba, farjin matata zai sake saita kanta daga ainihin saitunan masana'anta zuwa 'Yanayin ƙalubale.'",Yes
She was my crush until the retarded feminist shit rotted her brain (she graduated college with a 4.0).,"Tana daga cikin waɗanda nake so a baya, sai dai ra’ayoyin mata masu tsattsauran ra’ayi sun canja tunaninta gaba ɗaya (duk da ta kammala jami’a da 4.0).",Yes
,APC zamuyi ba mix Insha'Allah,No
,"A madadin Baffa na, malam Abubakar Muktar Adam , shugaban kungiyar Kwankwasiya pillar of the Nation. Allah ya sanya alkhairi.",No
"Moreover, the only two types of people that really care are natsocs that think every person of a certain race needs five kids minimum and women scared they'll be left to raise a child alone. To be a man is to serve to them, of course.","Bugu da ƙari, kawai nau'ikan mutane biyu waɗanda ke kulawa da gaske sune natsocs waɗanda ke tunanin kowane mutum na wata kabila yana buƙatar ƙaramin yara biyar kuma mata suna jin tsoron za a bar su don haɓaka ɗa kaɗai.  Don zama namiji shine yi musu hidima, ba shakka.",Yes
,Yanzu kana haduwa da tsohuwar budurwar ka sai tafara yima gwalo wai hakan me yake nufi ne?,No
,"Da ka ga sun ce ""Slm"" ""Ykk?"" ta inbox to ko dai ɗan kucilin yaro ne ko 'yar kucilan yarinya ce. Kuma ba harkan samu suka kawo ba! 🤷🏾‍♂️",No
"I'm busy right now, what I'm doing is so much fun"""" So you'd do it if you weren't busy? Nice one. Enjoy her trying to pussy whip you for another year.","Ina cikin aiki a halin yanzu, abin da nake yi yana da matuƙar daɗi.""
""To, kenan da aiki bai maka yawa ba da za ka yi shi? lallai ma. Ci gaba da jin daɗin farjinta har zuwa wata shekara.",Yes
,mai martaba sarkin kano khaliphan darikar Tijjaniyya na Nigeria malam MUHAMMADU SUNUSI NA BIYU ya ziyarci dan uwansa HON GHALI UMAR NA ABBA a kasar england domin duba lafiyar sa tare dayi masa addua. Ran sarki yadade ALLAH ya saka da alkhari AMEEN.,No
"I didn't make it personal. She said she was the ENM relationship type and thats another way of saying a women who sleeps with lots of random men without commitment. I didn't say she was a """"slut"""" I said that's what I commonly hear that referred as.","Ba na ɗaukar maganar a matsayin na kashin kai. Ita ce ta ce tana cikin irin dangantakar ENM, wato irin dangantakar da mata ke hulɗa da maza da dama ba tare da ƙudurin aure ko tsayayyen alaka ba. Ban ce ita ɗin 'yar iska ba, sai dai na faɗi cewa hakan ne ake yawan kiran irin wannan hali da shi.",Yes
Women truly do destroy nations. I hope enough men wake up this time around and let the women fight and die in conflict women themselves cause.,Mata suna kawo ƙarshe birane da gaske. Ina fatan maza za su farka su fahimci rawar da kowa ke takawa wajen jawo rikici kuma su har matan suje yaƙi a kashe su don rikicin da matan suka jawo.,Yes
All of society's problems are caused by women's choices. This is why in muslim countries it's the family that decides for the femoid.,"Dukkan matsalolin al'umma mata ke jawo shi, shiyasa a ƙasashen musulmai ",Yes
,"Kalmar da ake yayi a yau a siyasar Jos nada ma’ana. #NoworkNovote, Amma abin tsoron shine, mecece manufar. Kada wani yayi amfani da fushin da kuke ciki yaci mutuncin wasu!",No
"The 'being female' sentencing discount is appalling. By the way the article reads, it looks as though she didn't even face any charges..... Likely she had a welfare check and was let on her way.","Rage hukunci saboda kasancewa mace abin takaici ne ƙwarai. Bisa yadda labarin ya bayyana, kamar ba a ma tuhumar ta da wani abu ba... Watakila kawai jami’an tsaro sun duba lafiyarta ne suka bar ta ta tafi.",Yes
"Once I read feminazi article how men regularly abuse female janitors by creating mess in bathrooms in revenge to... who knows what. This debunks it completely, unless all women there are lesbians and abuse female janitors this way even more.","A lokacin da na karanta wata kasida ta ‘feminazi’ da ke nuna yadda maza sukan yi wa mata aikin tsabtace gida zalunci ta hanyar yin ƙazanta a bandaki domin ramuwar gayya… don me a sani ba. Wannan binciken ya karyata hakan gaba ɗaya, sai dai idan duk matan da ke wurin ‘yan madigo ne kuma sukan fi yin irin wannan zaluncin ga ma’aikatan tsabtace gida",Yes
Crazy eyes wouldn’t get her hands on my bank account lol,Mahaukatan idanuwan ta ba zai sa hannun ta ya shiga asusun banki na ba.,Yes
,"Uber da bolt zasu maye gurbin Dan sahu, dama ga matasa masu mota, mussaman dalibai Yan jami'a.",No
"Making a woman feel bad = misogyny misogyny = evil Therefore making a woman feel bad = evil, according to women.","Ɓata wa mace rai = ƙiyayya ga mata
Ƙiyayya ga mata = mugunta
Don haka, ɓata wa mace rai = mugunta — a cewar mata.",No
Won't miss her liberal wrinkly ass! Bye bitch,"Ba zamu yi kewar mazaunan ta sa suka tsamure suka tsome ba, sai anjima karuwa",Yes
"She is just projecting what women do. She must have stolen that line from men’s forums, as women in general have little or no creativity.","ta dai tana mayar da abin da mata suke yi ne kawai. Tabbas ta samo wannan magana daga shafukan maza, domin mata gabaɗaya ba su da ƙwaƙwalwa ko kuma ƙarancin ƙwaƙwalwa",Yes
,"Sana'ar da ka ke kan yin ta, ka ke sonta kuma take rufa maka asiri ita ce ta fi kowacce sana'a daraja.",No
Every day this traitorous and detested woman harms Great Britain and damages her party. She is the most complete failure as a PM one can possibly imagine. Only the deep state keeps her in power: [URL],Kowace rana wannan mace mai cin amanar ƙasa kuma abin ƙyama tana cutar da Biritaniya Mai Girma kuma tana lalata jam’iyyarta. Ita ce mafi girman gazawar Firayim Minista da za a iya tunani. Sai dai ƙungiyoyin ɓoye na mulki ne suke riƙe ta a kan karagar mulki: [URL],Yes
Didn't they publicly flog men who beat their wives up the 1950s in certain states? I'm pretty sure that the history of DV is full of lies and half-truths. Why wouldn't it when that's the way feminist narratives tend to be?,"Ashe ba a hukunta maza da bulala a fili saboda dukan matansu a wasu jihohi a shekarun 1950 ba? Ina da tabbacin cewa tarihin cin zarafin cikin gida cike yake da ƙarya da rabin gaskiya. Me zai hana hakan, ganin yadda wasu labaran mata masu fafutukar neman 'yanci ke cike da ruɗani?",Yes
A man makes the table.,Namiji ne ke shirya tebur,No
"women have no problem to have their wage slave, if he is not performing enough she can just replace him","Mata ba su da matsala game da samun bawan su na albashi, idan bai cika aikin da ake buƙata ba, za ta iya musanya shi kawai",Yes
,Jagaliyanci da rashin sanin Ciwo ko Darajar Kai Sutabbata ga Dan siyasar dayakeso yai takara Kuma yake tallata takararsa tsawon lokaci Amma ya kasa siyan foarm Kuma ya rasa me Siyasa Masa!!,No
"(her, thief) Opportunistically vs. (him, idiot) romantically.","(Ita, ɓarauniya) cikin dacewa da (shi, wawa) A cikin soyayya.",Yes
"Do you enjoy the fucking? Then go along with it, she wants the full boyfriend experience, give it to her. She may even start to think you're too clingy and then she will break up with you.","Shin kana jin daɗin jima'in? To, ka ci gaba da shi. Tana son cikakkiyar ƙwarewar saurayi, ka ba ta kawai. Wataƙila za ta fara tunanin kana da bibiko, sannan za ta rabu da ku",Yes
,Mutane a kasashen Turai na ci gaba da fama da tsananin zafi wanda ba su taba ganin irinsa ba a tarihi. A Burtaniya ana sa ran yau Litinin za a samu digiri 40C wanda ba a taba samun hakan ba. Mutane na fita wurare domin samun iska da walwala.,No
,Chairman: Kashmir Wearers Association of Nigeria (KWAN) na yi muku barka da zagayowar ranar Monday.,No
At least you have a decent penis. Some girls will reject you based on size alone.,Aƙalla kana da ingantacciyar azzakari. Wasu 'yan mata za su ƙi ka kawai saboda girman.,Yes
,Wato ‘kwarewa a wajan dinner akwai takaici. Kano so zage ka yi tari amma ba dama sai dai ka yi na y’an gayu.,No
"Male dolphin wakes up next to female whale. """"Aww man! I thought you were just a fat chick! You're a whale?!"""" (My apologies to women who are a little heavier than average, I adore you.) ( no really I f-ing ADORE you.)","Kifin Dolphin ya farka kusa da mace n kifi, """"Aww, ai ma ɗauka kawai ke wata mace mai ƙiba ce! ashe ke kifi ce?!"""" (Ina bada haƙuri wa mata masu nauyi, luna burge mi) (da gaske kuna burge ni)",Yes
,"Sadaki shi ne dole cikin lamarin aure, kuma sadakin ma kansa Shari'a ta yarje maka a ɗaura aure a kaima amarya a bika bashin sadakin.",No
,"Tabbas Yatakarawargani wajen samawa matasa aikinyi ,Wannan shine tsohon Accounter Genaral tare da wasu daga cikin mutanen Da yasamawa aikinyi.Allah Yasaka masa da Alkhairi Ameen.",No
"Or maybe now that girls can vote, work, and shoot at brown people just like men, they've run out of things about which to be outraged. Also, ya' know, divorce laws, affirmative action, etc. They've got a lot going for them these days.","Ko wataƙila yanzu da 'yan mata za su iya jefa ƙuri'a, yin aiki, da harbin mutane masu launin ruwan kasa kamar maza, sun ƙare abubuwan da za su yi fushi a kai. Haka kuma, ka sani, dokokin saki, ayyukan daidaitawa, da sauransu. Suna da abubuwa da yawa masu kyau a yau",Yes
Chad is rawdogging her in the all gender bathroom,Chad yana cika mata aiki a cikin banɗaki na dukkan jinsi,Yes
,Yan Biredi zasu tafi yajin Aiki ranar Laraba.😭,No
,Kaine kaje hira gurin budurwar ka Sai kaninta yazo yasa hannun sa a aljihun ka ya kwamuso maka 5k ya gudu gida ya zakai dashi?,No
"Not to mention women are too dumb to understand STEM. Like women are too weak to be in the US military, but they're lowering fitness standards to fit women in.","Ba a ma maganan cewa mata ba su da isasshen fahimtar fannin STEM (Kimiyya, Fasaha, Injiniya, da Lissafi). Kamar yadda mata ba su da ƙarfin shiga sojojin Amurka, amma ana rage ma'auni na motsa jiki don dacewa da mata.",Yes
,Ba'a Gina Aure Akan Kuɗi,No
It means you might be wasting your time if you want to hookup. Don't automatically disbelieve what a woman says. They don't like that.,Wannan yana nufin za ka iya ɓata lokacinka idan kana son haɗuwa da mace. Kada ka ƙi yarda da abin da mace ta faɗa kai tsaye. Ba sa son hakan.,Yes
,"Kai, wannan zafin se kace wani sakkwato",No
"Knowing the twisted nature of feemales, she was probably sh*t testing him.","Sanin murɗaɗɗen halin mace, ina ga kawai tana jarraba shi ne.",Yes
"Well, yeah. I find half the people who claim to have been raped weird. Kesha claims Dr Luke raped her. Because he's got access to Katy Perry (before the haircut) and Kesha, who looks like she eats lard twice a day. So naturally he rapes the whale.","To, eh. Na ga rabin mutanen da suke da'awar cewa an yi musu fyaɗe suna da ban mamaki. Kesha ta ce Dr. Luke ya yi mata fyaɗe. Domin yana da damar shiga Katy Perry (kafin ta yanke gashi) da Kesha, wacce kamar tana cin kitsen kwai sau biyu a rana. Don haka a ɗabi'ance, ya yi wa kifin kifi fyaɗe.",Yes
,"Kawu Ka'ab Hassan bincike ya nuna wasu matan girarsu cike take fal da gashi, amma kansu kamar gwiwa😂🚶",No
"Fat women go slop mode, and slop their mouths all over high-tier normies. Fact.","Mata masu ƙiba suna shiga yanayin 'slop mode', inda sukan yi amfani da bakunansu a kan mutane masu kyau. Gaskiya ne.",Yes
,Hatta bashi an yarje maka kaci kayi aure.,No
,Yau saeda nagoge kayana kala 20 namanta tin Ana farko nacire socket din. Kuma ni Babu abin da nakesha,No
"This is bollocks! You can be with a woman for years, watching her back while she has the knives out. To trust a woman is the height of idiocy, there is no accounting of your good deeds, you need to know this. They are only programmed to receive","Wannan shirme ne! Za ka iya zama da mace shekaru da yawa, kana kiyaye ta yayin da take shirya kaɗa. Amincewa da mace shi ne mafi girman wauta - babu lissafin ayyukanka na alheri, dole ka san haka. An tsara su ne kawai don karɓa.",Yes
,16-07-2022 WEEDING Mataimakin gwamnan jihar Jigawa kuma dan takarar gwamnan jiha na jamiyyar APC Mallam Umar Namadi na daga cikin muhimman mutane da suka halarci adduar daurin auren ya’yan mai sharia Musa Ubale dana Alhaji ALiyu Umar Baro wanda aka gudanar a masalacin Yalleman,No
,Kwankwaso ne ɗan takarata a shugaban ƙasa. Ko akwai mai magana ?😎,No
This study is dumb AF and probably run by women. Everyone knows the fat powerlifter is way stronger than this queer underwear model they got for the article. Look up mark bell. STRENGTH ≠ Aesthetics,Wannan binciken wauta ce mai yiwuwa mata suka gudanar da shi. Kowa ya san cewa ɗan wasan ƙarfi mai kiba yana da ƙarfi fiye da wannan samfurin rigar ciki na ƙwari da suka ɗauka don labarin. Dubi Mark Bell. ƘARFI ≠ Kyan gani.,Yes
The only beavers that hunt here are gold-digging lounge dancers!,Ƙwararrun ƴan wasan barkonoči a nan masu rawa ne kawai masu neman kuɗi,No
taught this dirtbag a lesson she'll never forget… what's the point of a skanky natalie portman choker when you're blacked out and your neck is all fucked up? idk [URL],Na koya wa wannan matan darasi da ba za ta manta da shi ba... Menene amfanin abin wuya na Natalie Portman idan ba ka iya tunani kuma an lalata wuyanka? Ban sani ba [URL],Yes
,TO KO WAYE DANTAKAR SANATA A APC KANO TA AREWA Oho,No
I honestly think dracodummy is a 12 year old girl . . wishing for a sugar daddy on Mars . . you go girl,"A gaskiya, ina tsammanin Dracodummy yarinya ce ’yar shekara 12… tana fatan samun ubangidan mai bada kuɗi a duniyar Mars… ku ci gaba da yin haka, yarinya.",Yes
,Ya Allah kaba maifiyata Lafiya. ya Allah kasa ya zamo kaffara agareta.,No
"AND his swollen tranny girlfriend, """"Pregnant Chad""""! Let's not forget him/her/it/xe/zir/whatever!!! I remember!! Pre-911 & Pre-Oniggy. Good Times!!!","DA kuma bakaruwarsa mai kumburi, """"""""Chad Mai Ciki""""""""! Kada mu manta da shi/ita/shi/ko me! Ina tunawa! Kafin 9/11 da kuma Oniggy. Lokutan Alheri!",Yes
,Dole ma a ce gwauraye ba za su gane meye aure ba sai sun yi. Yanzu ya za a yi Mamuda Galadanci ya gane gas yana karewa haka kawai babu notice ana karshen tsakiyar wata? 😭,No
yeah your wife was doing that for some reason after I f***** her hashtag Maga,Eh matarka ta kasance tana aikata haka na wani lokaci bayan na sadu da ita. hashtag maga,Yes
,"Allah Kadai Yasan ladan da Attajirai ke samu idan suka tafiyar da dukiyansu Akan daidai.But, they're fure amongst them who knows that.",No
"Yeah man that’s all true and you know as well as I do, if my ugly ass went up to one of the hot girls she’d laugh at me and walk away","Hakika wannan gaskiya ne, kuma ka sani daidai yadda na sani cewa idan ni mai muni na je wa kyakkyawar yarinya, za ta yi mini dariya ta fita",Yes
,"Na rawaito daga wanda na aminta da shi daga ma'aikatan gidan dan Kande cewa a wannan sallar da gwamnanmu ya ziyarci yan kurkuku domin ya fitar da wasunsu aka tarasu aka kunna taken Najeriya, kawai sai suka dinga ihu ""Kwankwaso... Kwankwaso... Kwankwaso."" Take gwamna ya ce a ragesu.",No
,"Idan kuma kana magana Akan mutanan kirki, wanda suka karar da rayiwarsu wajan taimakon Al'uma. Zakaji kullum ana yabansu saboda kyawawan aikinsu. Misali Mati Ali MD jigawa state radio broadcasting",No
"if your concerned about your dna being out there, you can donate semen to a sperm bank. if you want kids, adopt. if you want your life and children to be owned by a female and the state, get married. you have been warned.","Idan kana damuwa game da DNA ka kasance a waje, za ka iya ba da gudun maniyyi zuwa bankin maniyyi. Idan kana son yara, ka ɗauki ɗa ko ɗiya ta tallafi. Idan kana son rayuarka da yaranka su zama mallakar mace da gwamnati, ka yi aure. An faɗa maka gargaɗi",Yes
"Understood. Right. Anyone can say """"these hoes aint loyal"""" or """"bitches aint shit"""" but can you really turn down the gash and GYOW for the long term? I know I can. I've seen the madness unfold too many times. Fuck women.","Na fahimta. Eh kowa ma zai iya faɗin """"Waɗannan karuwan basu da amana"""" ko """"waɗannan 'yan iskan babu yarda"""" amma shi zaka iya barin kwanciya da GYOW na tsawon lokaci? ni na san zan iya. Naga yanda ake yin hauka sau da yawa. Mata tsinannu ne",Yes
"if girls buy you food, it usually means you're attractive.","Idan har mata suka siya maka abinci, hakan na nufin kai kyakkyawa ne.",No
"Nah, black women still get more replies on tinder than even white men do. Their female privilege cancels out their black disadvantage.","A gaskiya, mata baƙar fata har yanzu suna samun amsa fiye ko da maza farare a Tinder. 'Yancin su na mata yana soke rashin daidaiton launin fata",Yes
,"Ku faɗa muna tambayoyin da kuke buƙatar amsa, za mu miƙa tambayoyin ga masana su amsa a filinmu na Amsoshin Takardunku wanda Awwal Ahmad Janyau zai gabatar.",No
"Women complain about problems until men fix them...even imaginary problems...just remember that, and I'm not implying anything here. Good to see.","Mata suna koka game da matsaloli har sai maza su gyara su... har ma matsalolin da ba na gaske ba... kawai ka tuna haka, kuma ba na nufin wani abu a nan. Yana da kyau a gani.",Yes
,"Wani lokacin idan na tuna ni kadai ne bani da kowa, nakan shiga daki na dauki filo na nayi kuka kadan, sai kuma nashare hawaye na nakuma cigaba da lamura na abina.Hakan yana karamin karfin gwiwa sosai. 💪💪💪",No
Funny how they mentioned they are trynna deliver on feminine care.... But nothing about men's care.... Guess they made their choice. Hope they go bankrupt,Abin ban dariya yadda suka ambaci cewa suna ƙoƙarin kula da kayan mata... Amma ba komai game da kula da maza... Wataƙila sun yi zaɓinsu. Ina fatan su rasa kuɗaɗen su.,Yes
,"Babu Wanda aka batawa babu Wanda zaa bawa hakuri, a cigaba da tafiya a haka kawai, ai kowa ya taya yaki sarki ya taka.",No
"islamic women just can't win. Either they die defending themselves from rape, or they die because they got raped.",su matan Musulmai basa nasara. ko dai su mutum suna kokarin kare kansu daga fade ko kuma su mutu sbd an musu fade.,Yes
,"Ni fa ta kan ""Mai Uwa da Wabi"" nake operation ""No work no vote"" ya shafi kowa from top to bottom! Ba wani nake wa campaign ba.",No
"Ya, The smiling Charlie Manson looking bitch will smile in your face as she sticks the knife in and twists","Eh, wancan mata mai kama da karuwa Charlie Manson tana murmushi me amma zata iya soka muku wuƙa ta murɗa.",Yes
,Ita dai matsalar ....... Tafi yawan reeetoo 🎶🎵🎶 only A fada A Cika University students can relate,No
[URL] So she's a Whore - what a 😨 shock,[URL] Ita karuwa ce - abin mamaki 😨,Yes
,Akwai kura a Kujerar Reps nagaya! Case fa is reverse! 🤣🤣🤷,No
just demonstrates the wild lack of agency women still fight to retain. equal rights without equal responsibilities was a serious mistake.,"Wannan kawai yana nuna ƙarancin ikon da mata ke ci gaba da fafutukar riƙewa ne. Haƙƙin daidaito ba tare da nauyin daidai ba, kuskure ne mai tsanani.",Yes
,Muna Barar  Ba adadi  Astagfirullah ba adadi. Allah ya zaunar damu lafia,No
,"To Jama'a ga Bayan Sallah ta zo, ba Lagos ba Auren. Oh! Ni Zaidu",No
Slut should serve the same sentence as the men would have if she was raped.,Karuwar nan ya kamata ita ma ta samu dai dai horon da mazan zasu sami idan aka mata fyaɗe.,Yes
,"Wato duk yadda mutum Mai basira da Lissafi da hangen nesa yake, wannan bawan Allahn Yakai. Maigirma gwamna,Alh. Muhammad Badaru Abubakar, Gwamnan jihar Jigawa.",No
,Allah ya jiqan talakan Nigeria 😢,No
Judging by the overlap those are the most insufferable women of their generation. You just can't make this shit up. They are worst of the worst. Who would have thought that the Internet can enable such cesspool of unbearable individuals.,"Idan aka yi la'akari da haɗin gwiwar su, waɗannan su ne mata mafi wahala a tsarinsu. Ba za ka iya ƙirƙira wannan ba. Su ne mafi munin mutane - kwaikwaya ba zai yiwu ba. Wa zai yi tunanin cewa Intanet za ta haifar da irin wannan taron mutane marasa juriya?",Yes
,"Da Dumi-Dumi, Gwamna wike ya shiga tattaunawar sulhu da Alh Atiku Abubakar. Allah ya bawa PDP Nasara 🤲",No
,ZAMUJE WAJAN ZABE NIDA JAMAATA DOMIN ZABAR MAI SAWABA,No
Being raped boosts your status among other women so you get a bunch of women sitting around one upping each other about who had the worst rape. It's one of the biggest red pills.,Idan aka miki fyaɗe hakan zai ƙara miki daraja a idon sauran matan ta yanda zasu tattauna akan wacece tafi samun mummunan fyaɗe. hakan shine babban jan pill.,Yes
"The catgirl could probably be argued to be a bit of a bimbo, but she's got some of the smallest tits in the game, so I guess she's safe.","Za a iya jayayya cewa yarinyar kyanwa tana da ɗan wauta, amma tana ɗaya daga cikin mafi ƙanƙantar ƙirjin wasan, don haka aƙalla ba ta da matsala.",No
"She was raped by her dad for years, but she finally had her first orgasm when the miscarriage came out.","Babanta ne ya mata fyaɗe na wasu shekaru, amma yanzu ta fara jin daɗi ne bayan cikin ya zube.",No
Asian women with power and self respect. Only happens on opposite day.,Matan Asiya masu iko da mutunci? Wannan yana faruwa ne kawai a ranar saɓanin al'ada.,No
"true, but again ill pay! Love to see her face when shes exposed once and for all as the lying bitch she is!","Gaskiya ne, amma har yanzu zan biya! Ina son ganin fuskarta lokacin da za a fallasa ta a matsayin karuwa mai yawan ƙarya!",Yes
The better shall be replaced with the worse ? - Because a malicious insane woman likes it ?! Everywhere the same insanity!,Shin za a maye gurbin mafi kyau da mafi muni? - Domin wata mace mahaukaciya mai ƙeta ta so haka?! Ko'ina irin wannan hauka!,No
"If we traded women on the stock market instead of companies, there would never be a bear market since cucks would always be buying shares.","Idan muka sayar da mata a kasuwar hannayen jari maimakon kamfanoni, ba za a taɓa samun kasuwa mai raguwa ba, domin masu ba da izini za su ci gaba da siyan hannun jari.",Yes
Well.....At least she has decent Tits. There's nothing worse than a fat chick with no Tits. You have all of that fat to deal with but no fun bags to play with.,Eh... da sauƙi dai tunda nononta na da kyau. Babu abin da yafi mjni sama mace mai ƙiba amma ba nono. Akwai ƙiba amma babu nonon da zaka yi wasa da shi.,Yes
,Wasu Mutanen ba Mutanen kirki bane rabuwa dasu shi yafi Allhairi. Ya Allah Ka raba mu da duk wani mai bin mu da Sharri Ameen,No
"And there we have the root cause of the """"white male problem""""... white women are to blame","Kuma ga mu asalin tushen """"""""matsalar maza farar fata""""""""... mata farar fata su ne abin zargi.",Yes
,"Suna lissafi muna addu'a. Sun dogara ga ƙwaƙwalwarsu, mun dogara ga Allah.",No
,APC Bata yi min riƙon da zan saka mata da sak ba. 😎,No
"Same. Apparently not handing over your money to women so they can resolve bad circumstances they willingly created, and you had no part in, is women hating.","Haka nan. Da alama ba ka son ba da kuɗinka ga mata don su magance matsalolin da su ka ƙirƙira da gangan, kuma ba ka da hannu a cikinsu - wannan ana ɗaukarsa ƙyamar mata.",Yes
,Sayarwa NNPC akayi ko cefanarwa ?,No
"That would be glorious, but I think that hag is bullet proof. No one has the balls to bring her down.","Hakan da zai zama abin jin daɗi, amma ina tunanin wancan karuwan tana da kariya. babu yake da ƙarfin gwiwan da zai kai ta ƙasa.",Yes
,Sai Kaga Ma'aikaci Yafi Ma'aikatar Dayake Aiki Kuɗi Wani Abu Sai Nigeria🤔,No
,"Zaman lafiya, aminta da juna, da kuma kamanta daidaito tsakanin mutane shine jigon kowacce ingantacciyar al'umma",No
"Usually no but it happens. Incels think all women are the same which isnt exactly true, but it seems that way sometimes.","Yawanci a'a, amma hakan yana faruwa. 'Yan Incels suna zaton duk mata iri ɗaya ne, wanda ba gaskiya ba ne, amma wani lokaci yakan yi kama da haka.",Yes
,Ina wadanda suka ki zabar Atiku saboda zai siyar da NNPC a 2019? To Buhari ya siyar da kamfanin babanku.,No
That's why real women hate 2D women and want them desexualized :),Shiyasa mata ma asali sun tsani mata na 2D (hoto) kuma suna so a kawar da hankali daga gare su.,Yes
,Mun mayar da kamfanin NNPC hannun 'yan kasuwa - Buhari 👉 https://bbc.in/3aMozz5,No
"male-dominated major (no single female friends around) None of this matters when it comes to women though. Online dating, daygame, nightgame.","Filin rinjayen maza (babu mace ko ɗaya a kusa) Hakan ba zai taɓa abin damuwa ba idan aka zo maganar mata. Filin saduwa ta kan layi, wasa na rana, wasa na dare.",Yes
,Mutanen nan fah Y’an 419 ne na gaske..Wai NNPC LTD.😅😅😅,No
,Shi Atiku Abubakar Munafunci ne bai iyaba shiyasa ya fito karara ya shaidama al’ummar najeriya zaya maida NNPC hannun “yan kasuwa.,No
Ugly female has a vagina that makes her able to get an average guy.,Mummunar mace tana da farjin da zai bata daman zama da gaye ɗan dai-dai.,Yes
,"Yau Talata 19 ga watan nan Na Yuli anyi ƙarin kuɗin man Fetur, kuma anyi ƙarin a matakin zone-zone.👇",No
,Yan Nigeria akwai Hakuri 😢,No
"Lol guys, I seen the original, it's posted by a mum xD even the mum is a whore and won't tell her daughter off.","Lol 'yan samari, naga ainihin na ƙwarai ɗin, maman ne ta yaɗa, har uwar ma karuwa ce kuma ba zata hana 'yar ta ba. ",Yes
,"Mu sam sabon farashin dinmu na fetur, Diesel kam daman shi ba'ace komai, dan ko mu masu sana'ar man ma qaniyarmu yake ci since .",No
but but but women are the ones who can't empathize with men :(,amma amma mata sune basu tausaya wa maza.,Yes
,"Jama'a Buhari Ya siyar da NNPC! Ina Allah wadai, amma Normal ne a cigaba da tafiya a haka kawai 🙌",No
"Well jeeze whiz when I die because I called the cops and a woman cop shows up who isn't even strong enough to shoot her gun, I'll at least be thankful that no one got **offended**.","To, idan na mutu saboda na kira 'yan sanda, sannan wata mace 'dan sanda ta zo wacce ba ta da ƙarfin har ta harba bindigarta, aƙalla zan yi godiya cewa babu wanda ya ji haushi.",Yes
,Mutum Dubu Saba'in Allah Ya sa Dani Dakai Dake Aciki.,No
,Ba shakka Buhari ya kafa tarihi a hankali ya cika burin abokin hammayarshi Atiku,No
I wish we lived in a fantasy world where women actually valued things other than getting their curtains wet.,Ina ma ace muna rayuwa ne a duniya na bogi wajen da mata suna bada muhimmanci wa al'amura ba wai kai su jiƙa farjin su ba.,Yes
,"Buhari ba siyar da NNPC yayi ba kamar yadda wasu ke fada. Ya mayar dashi hanun ƴan kasuwa ne ta yanda zai rika samar da riba ta hanyar kasuwanci. An yi hakan ne don samarwa kasa kudin shiga. A yadda gidajen jaridu ke rabutawa kenan. Allah yasa hakan ne mafi alkhairi, Allah yasa alkhairi. Ameen Ameen",No
"This pretty much sums up that """"catch me outside"""" girl. Raised to be a retarded whore by a shitty mother and society rewards it.","A iya wannan, abin da zamu iya cewa yarinyar""""kamani a waje"" . Ta tashi da munanan halaye na karuwanci wanda uwar ta ta mata tarbiyya akai sannan al'umma suka taimaka.",Yes
,Yanzu fa kusan ince yanda aka dama haka za mu shaa. Su 'yan Kasuwa ba ruwansu!,No
Gasp! You're telling me women only want money? Haha jkjkjk on the real though.,Gasp! yanzu so kake kace min matan zallan kuɗi suke so? Haha jkjkjk akan gaskiyar.,Yes
,"Wahalar nan da ake ciki fa,ita batasan Jam’iyya ba.Don Allah idan har yanzu baka gasu ba,ka sake jefa musu kuri’arka.🙏🏼",No
,MAGANA TA GASKIYA YA KAMATA A ZAUNA DOMIN IYA DALIBAN JAMI'A ZASU IYA JAWOWA JAM'IYYAR APC MATSALA.,No
"Meh, I'm a 26 year old kissless virgin and I would never stoop so low as fucking an obese woman. I just find it so repulsive.","Ni, Shekaru na 26 kuma ban taɓa sumbata ba balle jima'i kuma ba zan taɓa ƙasƙantar da kaina a wajen mace mai ƙiba ba, hakan bai ta min ba.",Yes
,GWAMNATIN NIGERIYA TA SAYAR DA NNPC....TALAKA YAKI ZABAR ATIKU SABODA ANCE MASA ZAI SAYAR DA NNPC. TOH GASHI WALIY BUHARI YA SAYAR TA!,No
"No i'm pretty sure most women would be afraid of it because if men don't want to take their bullshit, they'll just go to their dolls instead of being a good little dog for some unexciting duty sex.","Aa ina da tabbacin cewa mata da yawa suna tsoron abin, saboda maza basa yarda da wannan shirmen, kawai zasu wajen karuwan su ne a maimakon kare don samun jima'i maras daɗi.",Yes
,"Kaje ka wuni akan kayi register zaɓe yafi ace kana fita kasuwa ka samu ribar 100,000 'yan kasa nagari ne zasu fahimci hakan 😏",No
"Even if you're such an ugly woman that no dude would ever fuck you, you can just become a lesbian and nail 10's all day.","Koda ke mummunan mace ce wanda babu wani saurayi da zai si yin jima'i da ke, zaki iya zama 'yar maɗigo ta yanda zaki biya buƙatan ki.",Yes
,KABIRU GAYA: Sanatan Da Ya Fi Kowane Sanata Aiki A Babbar Riga,No
fuck merkel. she is a commie cunt.,merkel tsinanniya. ita fh karuwar baƙin haure ce.,Yes
,"Baba Buhari mai gaskiya kaman littafi, Caterpillar uban aiki, ya gama aikinsa ya shiga na Atiku gadan-gadan.😂",No
"So she tried to save herself with a preemptive strike, eh? What a conniving bitch.","Don haka ta yi ƙoƙarin ceton kanta ta hanyar kai hari a gaba, ko? Wannan mace mai wayo ce mai dabarun banza!",Yes
"...and when the son grows up and realizes that all the """"women-are-the-best-and-noble-creatures-stories"""" his mother told him were lies shit will hit the fan.","..kuma idan ɗan ya girma ya gane cewa duk """"""""labarun mata-sune-mafi-kyau-da-nagarta"""""""" da mahaifiyarsa ta faɗa masa ƙarya ne, sai ga hargitsi mai tsanani.",No
"I'm told by feminists that men and women are exactly the same. I agree, that is, until I go shopping with a woman, and realize how inanely untrue the statement is.","Masu ra'ayin mata suna gaya mani cewa maza da mata daidai ne. Na yarda da hakan—har sai na tafi kasuwa tare da mace, na gane yadda wannan maganar ba ta da tushe.",Yes
,"Jiya Gomna yaje Darazo kuma ina da dan abin fada akai, amma ko da yake maga wasu yan garinmu basu jin dadin abin da nake fada shikenan. Bari na kame baki na nayi shiru kawai 🚶🏾",No
The article says she is a known drug addict with many arrest and is now in rehab I would not judge the bitch probably did something and had it coming.,"Labarin ya ce ita sanannen masauki ne da yawan kamawa, kuma yanzu tana cikin gidan gyara. Ba zan yi hukunci ba - wataƙila ta yi wani abu kuma ta cancanci hakan.",Yes
,"Daga lokacin da ka bama ALQUR'ANI ragamar rayuwar ka, daga lokacin zaka fara rayuwa babu tuntube.",No
"And men can stop blaming women for their sexual frustrations, women don't give a single shit about them, dumbasses. 😂😂","Kuma maza za su daina zargin mata saboda bukatuwan jima'i—mata ba su damu da su ko kaɗan ba, wawaye. 😂😂",Yes
,Kwana kin nan harta kai bana iya chin Abinci sabida halin da Nigeria take ciki,No
GF? takes less time/effort/inconvenience to dip the stick. now...a wife...that's different...why buy the cow when you get the milk for free.,Soyayya? Ba ta ɗaukar lokaci/ƙoƙari/tasiri kamar shan burodi. Amma matar aure... wannan daban... me zai sa ka sayi saniya idan za ka iya samun madara kyauta?,Yes
,Allah ya kawo Mana dauki,No
EXACTLY THIS. What blue-pilled moron thinks it's a good idea to put women in charge where people's lives are affected based on their judgment? Especially if their judgment is filtered through their current mood?,Haka ne! Wane irin wawan mutum ne ya yi zaton cewa sanya mata masu mulki a wuraren da rayukan mutane ke cikin hatsari labari ne mai kyau? Musamman idan hukuncin su ya dogara ne akan yanayin zuciyarsu na lokacin?,Yes
,Noor Saad Tabbas zaku' sha grammar a gurin komarawan Professors da zasu bayyana zaben 2023,No
More balls than half the nation's men and she's a woman #freetommy,Tana da jaruntaka fiye da rabin mazan ƙasar - kuma ita mace ce! #TommyYanci,Yes
,"Anata Kulle Kamfanoni A Kasashen Turawa, Saboda Tsadar Gas.",No
She's a freak. Become her suitcase pimp and make some money on her before she slams headfirst into the wall.,Mahaukaciya ce. ka zama jakar hannun ta ka samu kuɗi kafin ta buga kan ka da bango.,Yes
,Ina tausayin Macen dake tunanin duk Namiji Mai Mota mai Kudi ne 🤦‍♀️,No
"So maybe this guy was expecting you to be more reserved, then you threw on too big of an escalation that made him think you were too slutty. That's BS. The guy is just not attracted to her. Better to know it earlier than later.","Wataƙila wannan mutumin yana tsammanin za ka kasance mai kunya, sai ka ƙara wani abu wanda ya sa ya yi zaton ka kasance mai lalata. Wannan shirme ne! Mutumin ba ya son ta kawai. Gara ka sani yanzu ba sai daga baya ba.",Yes
,Bahari ya gama aikin sa ya shiga aikin Atiku gadan-gadan.,No
Someone should reverse her life force.,Wani yakamata ya juya rayuwarta ta jiki.,Yes
,"Satan Fasaha: Atiku yace zai sayar da NNPC, toh sun Rigashi seyarwa.Hmm",No
,Daga shafin Artist. Ni kuma nace faƙat za a ruwan ido na tashin hankali wani sai ya samu dubu wata ma hakan nan. Abin dariya sosai 😂😂😂,No
"Aw, what's wrong nigger? You don't like your sheboon exposed for the savage she is? 🤣","Aw, me ya faru ne aboki? baka so a tona asirin ita karuwa ce?🤣",Yes
,"Saura NUC kuma, shi ma ilimin ya koma hannun 'yan kasuwa kowa ma huta. Ah to ai naga Buhari ne dan uwan Tinubu wnd sukeson ya mulki kasar",No
Oh the dirt he must have on this corrupt old hag! I hope he can #LockHerUp,Huh! Abin da zai iya samu na lalata a kan wannan tsohuwa mai cin hanci da rashawa! Ina fatan ya iya #KulleTa!,Yes
,Don Allah ina neman wani daga Birnin Gwari.,No
"""""I'm gonna get so much pussy when women see how much I respect them. I am such a nice guy!""""",Zan samu daman yin jima'i sosai idan mata suka fahimci ina girmama su. ni mutum ne mai daɗin sha'ani.,Yes
"You could always play the game of """"who do you think is sexy?"""" That keeps your relationship honest. A woman's idea to keep a relationship honest is to play games.","Kuna iya koyaushe ku yi wasan """"""""wa kuke ganin yana da kyan gani?"""""""" Wannan yana kiyaye dangantakar ku ta gaskiya. Ra'ayin mace na kiyaye dangantaka ta gaskiya shine ta hanyar wasa.",Yes
,"Na lura Buhari yana son zuwa taro, rebranding logo NNPC shima ace sai an hada taro haka, aci Rice yar Thailand da Bigi Cola. 😟",No
Men want a girl who is a prude for every other man but a slut just for them,"Maza suna son yarinya mai kunya ga kowane namiji, amma mai lalata ne kawai a gare su.",Yes
you're not trying hard enough bitch,"Baki yin iya bakin ƙoƙarin ki, banza karuwa.",Yes
,Akoi banbanci tsakanin zan sayar da NNPC ma abokai na da kuma na mayar da NNPC kamfani mallakin gomnati.Kar ku bari yan PDP su ruda ku.,No
,"NNPC da aka guji Atiku don kada ya siyar da ita, ga shi nan Buhari ya miƙa wa ƴan kasuwa ita. An gudu ba a tsira ba.",No
"If the mother had an ~~fortunate~~ unfortunate accident, it would be a real shame.","Idan mahaifiyar ta sami hatsari, hakan zai kasance abin takaici.",Yes
,"Bata da Masoyi/makiyi na har abada, kasuwar bukata ce! Komai zai iya faruwa, a cigaba da Tafiya kawai😂",No
"women are accessories my dude, don't get too invested.","Mata kaman kaya ne abokina, kar ka zama mai damuwa sosai.",Yes
,Ban da abin Mallam Ashiru Iro yau fa Baba ya saka kamfanin NNPC a kasuwa sai ya sauka za a siyar. Saboda dabara sai ya saka kamfanin a store wai sai 2024 don kada a ce shi ya siyar. To mun gane wayon. 😂,No
Hang her up and set her on fire,Ka rataye ta sannan ka cinna mata wuta,Yes
,Haryanzu bani da labarin wanda ya lashe zaben jihar Osun domin banji labari daga INEC a Hukumance ba ~Cewar Shugaban APC Abdullahi adamu.,No
,ZANCI GABA DA AMFANI DA CALCULATOR WAJEN RIRITA DUKIYAR YAN JIGAWA INJI DANTAKARAR GWAMNA NA JAM'IYYAR APC UMAR NAMADI DANMODI.,No
I dislike females.,Bana son mata.,Yes
,Wannan gwabnatin mai zuwa 2023 ta matasa ce duk wani tsoho👳mai neman mukami yaja baya.,No
Is it supposed to be charming that she is always hungry? Spoiled women are so odd.,Shin kasancewar ta kullum tana jin yinwa abin sha'awa ne? Matan da aka sakalta suna da ban mamaki.,Yes
,"Allah Ka raba mu da mutane masu fuska iri biyu, suyi magana a nan, su karyata kansu a chan.",No
"I love women, and I used to hate the bullshit games they play. Now that I'm a little better at said games, I don't mind them as much.","Ina son mata, kuma na tsani irin wasa da hankalin da suke yi, amma yanzu da yake na iya, hakan bai ɗaga min hankali.",Yes
,yan-uwa mungode da addu'o' inku Allah yabar zamunci,No
Because she should be strung up? By all means then!!,Saboda a kowani hali yakamata a rataye ta? Ta kowani dama to.,Yes
Yeah we had to drop the bomb to save your dipshit punk ass!! Go hide under your mammy's pussy again sissy!!,"Eh, dole ne mu jefa bam domin ceton rayuwarka marar hankali! Ka koma ka ɓuya a farjin mahaifiyar ka kamar ƙaramin yaro!",Yes
,"Duk Wanda yake ganin cewa wannan abar alkairi ce ga al'ummar jihar Jigawa to tabbas ba me kaunar cigaban matasa bane,ba me kaunar cigaban jihar Jigawa bane, ba me kaunar yan siyasa bane musamman ma kananan yan siyasa.",No
By Rachael stating she has been “slut shamed” isn’t she admitting that she’s a slut ? ‘Despite my best efforts I couldn’t find the photos anywhere....damn it !,"Idan Rachael ta ce an zarge ta da lalata, shin hakan ba yana nuna cewa ita ma ta amince da hakan ba ne? Duk da ƙoƙarina, ban iya samun hotunan ko'ina ba... abin takaici!",Yes
Much of the discourse about men is from women femsplaining what men are like. The idea of asking and listen to men never occurred to them.,"Yawancin tattaunawa game da maza daga mata ne suke zuwa, suna bayani yadda suka fahimci halayen maza. Ra’ayin tambayar maza da sauraron abin da suke cewa bai taɓa zo musu a rai ba.",Yes
"There's no such thing as """"out of your league"""". She's a human being, in the same """"league"""" as you. If she thinks she is superior to anyone, ditch the bitch.","Babu wani abu da ake kira “ta fi ƙarfin ka.” Ita mutum ce kamar kai – ku duka a mataki ɗaya kuke. Idan tana ganin tana da fifiko a kan wasu, ka bar 'yar iska kawai.",Yes
,Akwai ƴan wiwi miliyan sha-daya (11million) a Najeriya_NDLEA,No
"These are accomplished women of domesticated finance. They have a talent for recognizing lucrative marriage investments, and the ability to maximize the return on their feigned interest.","Waɗannan matan ƙwararru ne a fannin kula da kuɗaɗen gida. Suna da baiwa wajen gane aure mai fa'ida a matsayin wata irin jarin kuɗi, tare da ƙwarewar haɓaka riba daga sha'awar da suka nuna da gangan.",Yes
"Okay bitch. Go ahead and trot out some women who cook meals and wash clothes, I’ll wait. *sets sundial*","To 'yar iska, sai ki zo da misalan wasu mata da ke dafa abinci da wanke kaya — zan jira. Ya na sa agogon rana.",Yes
,Idan har pi network zai fito da irin wannan farashin to zan iya bawa bankin duniya rancen kudi 🤣🤣🤣🤣,No
"This is a cry for help from the female gender. They are blatantly admitting that they cannot make proper life decisions by themselves, and are begging for men to reinstate full patriarchal rule.","Wannan kamar ƙira ne na neman taimako daga ɓangaren mata. A bayyane suke nuna cewa ba su da cikakkiyar damar yanke shawarwari na rayuwa da kansu, kuma suna roƙon maza da su dawo da cikakken mulkin maza.",Yes
"She knows she's not good enough for more of your time and is blaming you for it. Ditch her asap, she'll only get more clingy and mood swingy.","Tana sane da cewa ba ta da cancanci ta sami ƙarin lokacinka, kuma tana jingina laifin hakan a kanka. Ka yi ƙoƙari ka rabu da ita da wuri, domin za ta ƙara zama mai manne wa da sauyin hali.",Yes
Women can’t rape men. Only men can rape women.,Mata baza su iya fyaɗe wa maza ba. Maza ne kaɗai zasu iya fyaɗe wa mata.,Yes
,Buhari ya gama aikin sa ya shiga aikin Atiku Gadan-Gadan😂,No
"I wonder what would happen if he were to attack her with a high heel. Surely he'd face the same measly punishment, right? He should find out.",Ina tunanin mai zaii faru idan ya kai mata hari da takalmi mai tsayi. Shin za a masa hukunci iri ɗaya? Yakamata ya bincika.,Yes
They are more natural than us. They dont accept or tolerate gynocentrism. Unlike the west who apparently is ok with whatever bullshit women say and do.,"Sun fi mu yanayi na ɗabi'a. Ba sa karbuwa ko haƙuri da fifikon mata. Ba kamar yammacin duniya ba, wanda da alama yana yarda da duk shirmen da mata suka ce ko suka yi.",Yes
,"Abin da ya faru ga NNPC yau kamar mutum ne ya shirya kayansa tsaf don tafiya kasuwa ya siyar. A cewar Mele Kyari, nan da baɗi za su isa kasuwar zuba hannnun jari, a buga wa NNPC karararrawa.",No
"They mean make a lot of money, and it give to her. Alternately, you said a slightly negative thing about an ex, so she's just trying to blame you since pussy is perfect 100% of the time.","Suna nufin ka nemi kuɗi da yawa kabata, amma kuma ka faɗi mummunan magana akan tsohuwar budurwan ka. Yanzu kuma tana so ta tuhume ka tunda farji shke sa gaskiya a koyaushe.",Yes
,"Kayan marmari, Abun shan yan Aljannah",No
I probably wouldn't brag about that because usually when women make those choices they end up either being single moms or knowing the domestic violence hotline number extremely well.,"Da wuya in yi alfahari da hakan, domin yawanci idan mata suka yi irin wannan zaɓi, sai su zama uwaye masu zaman kansu ko kuma ta haddace numban rikicin cikin gida da kyau.",Yes
,Wato a takaice dai shugaba Manjo ya gama mulkinsa be sani ba har ya shiga na Atiku Allah ya bawa Manjo lafiya,No
"Ahh. Yea definite shit test. If you agreed to go over there she probably would have just said “ohh wait i can’t, gotta work earlier than I thought” or some other excuse and then be happy with her validation from you wanting to come over.","Ahh. Eh, lallai gwajin ƙaryar mace ne. Da ka yarda ka je wurin, wataƙila za ta ce ‘Ah, dakata! Ba zan iya ba, dole in fara aiki da wuri’ ko wannan uziri. Sai ta ji daɗin tabbatar da cewa kana son zuwa.",Yes
,Kar nake kallon kowa. Ehe!,No
"And women and cucks wonder why the men who used to attend their churches, dropped religion?",Kuma mata da karuwai suna mamakin dalilin da ya sa mazan da suka kasance masu zuwa coci suka yi watsi da addini?,Yes
,"Billahi, burodi bugun ƙato is underrated! Na samu wani nan, da na tauna, sai da na waiga, na karanta ledar",No
they need male's attention and male's resources.,Suna buƙatar jan hankalin maza da abubuwan su.,Yes
,"A hankalce babu wanda zai so ace ya so wanda baya son shi, amma kuma ita ƙaddara ba ta tsallake ma su hankali shiyasa wasu da hankalinsu amma sai su faɗa son wanda baya son su. Abun burgewar kawai shi ne, duk jarabawar da haƙuri da yarda da Allah Ya biyo bayan ta, to sakamako mai kyau ne ƙarshen ta.",No
If you view women as a reproductive mechanism for the human species everything makes sense. Steal resources & pump out babies.,Idan muka kalli mace a matsayin abin da ke taimakawa wajen ƙara hayayyafa to hakan zai fi. Kawai su haifi yara.,Yes
,"Ruwan sama rahma ce gada Allah, Allah ka bamu damuna mai albarka",No
they do... some can handle rejection by inventing a false rape story or worse. Some will just scream a man has a small dick if he doesn't want her.,Wasu suna iya jure wa ƙin amincewa ta hanyar ƙirƙira labarin fyade na ƙarya—ko mafi muni. Wasu kuma za su yi ihu cewa namiji yana da ƙaramin azzakari idan bai so ta ba.,Yes
,Muhammad Najeeb Aliyu. Allah yaraya bisa sunnah,No
You’re not gonna do it. Marry her and live the rest of your life with an insufferable cunt,Ba za ka yi hakan ba. Ka aure ta ka rayu da wata karuwa mai ban haushi har ƙarshen rayuwarka.,Yes
"If dumb and dumber had a daughter, it would be that stupid commie bitch.","Idan wawa da mafi wauta suna da 'ya, to zata kasance wancan 'yar iskan ce.",Yes
,"Tabbas #ATIKU_ABUBAKAR masani ne kan tattalin arzikin qasa. Abunda #Wazirin_Adamawa yahango sama da shekara hudu(4), sai yau Baba yafahimta. Allah karabamu da wannan tsohon lafiya.",No
Kids make stupid mistakes like tie up mentally handicapped men and torture them. Or gather 6 of their friends and gang rape pregnant women for 18 hours.,"Yara suna yin munanan shirme kaman ɗaure tsoffi masu matsalan ƙwaƙwalwa ko kuma su haɗu su shida da abokan su, suyi fyaɗe wa mata na tsawon awa 18",Yes
,"Saura na ji ""pim....."" na sa Takwara ya hada da Kewaye",No
"🖕🖕🖕🖕🖕🖕 huff post 24/7 365 days a year Disgusting media outlet 99% run by women, and they all hate men. [URL]","🖕🖕🖕🖕🖕🖕 HuffPost kwana 24, shekara 365. Gidan watsa labarai mai banƙyama—kusan kashi 99% na mata ne ke gudanar da shi, kuma duk sun ƙi maza. [URL",Yes
,Fardhosa yarinya ce ƴar shekara 13 amma ba ta taɓa cin abinci ta koshi ba saboda matsalar fari da ƙasarsu ke fuskanta.,No
Kinda what they tell women “you got resting bitch face.” Maybe don’t bring it into some goofy grin but less of a grimace.,"Wani abu kamar abin da suke ce wa mata *‘fuskar ka tana da kamannin bacin rai.’* Watakila kada ka mayar da shi wannan murmushin banza, amma ka rage irin ƙyamar da ke cikinta.",Yes
You women are getting exactly what you deserve for being man haters who destroyed mens lives in divorce courts with your lies. [URL] #MGTOW,Ku mata kuna samun abin da ya dace da ku saboda kasancewar ku eamda suka tsanu maza kuma ku lalata rayuwar maza a kotun saki da ƙarairayi. [URL] #MGTOW,Yes
,MUTANE DA DAMA BASA NEMAN GASKIA KLLUM DAI SUNA SON SAMUN TABBACI DA KUMA GOYON BAYAN CEWA KARYAR DA SUKA GINU AKANTA GASKIA CE! ALLAH YA SHIRYA MU.AMEEN!,No
,Aiki ga mai ƙare ka -- Abba ya sha alwashin sai ya karaɗe duk jihohin Najeriya don fadakar da mutane muhimmancin yin rijistar zabe 😲😲,No
Maybe Karma will strike and her ass will be Gunned down in the streets!!,Hala sakamakon abin da zatayi zai same ta wataƙila ma a harbe ta a kan titi,Yes
,Ƴan bindiga sun harbe faston cocin katolika da suka sace a Kaduna,No
"All women are prostitutes, but prostitutes are the most hones women.","Duk yawancin mata karuwai ne, amma karuwai sune mafi gaskiya a cikin mata.",Yes
,"Zaɓen gwamnan Osun na 2022 ya zo da darussa da dama, ciki har da waɗanda ‘yan Najeriya kansu za su koya. Me kuka koya daga zaben? 🤔🤔",No
Behind every successful man there is a successful woman. Successful in finding him.,A tare da kowani mutum mai nasara akwai wata mace mai nasara wacce tayi nasarar samun shi.,Yes
,"Bayern Munich ta kammala daukar mai tsaron baya, Matthijs de Ligt daga Juventus.",No
,Manchester United ta casa Crystal Palace da ci 3-1 a wasan sada zumunta a shirin tunkarar kakar bana da suka kara a Amurka ranar Talata.,No
,"Yana da mata mai suna Françoise, wadda ya haifi ƴaƴa mata huɗu da ita, babbar cikinsu ita ce Rakiya Kaffa Jackou, wadda ta taba rike mukamin Minista a Jamhuriyar Nijar.",No
"All sex outside of marriage is fornication Anglin. For a harlot is a deep pit And an adulterous woman is a narrow well. Surely she lurks as a robber, And increases the faithless among men."""" Don't trust these hoes!","Duk wani jima'i a wajen aure zina ne, Anglin. Domin karuwa rami mai zurfi ce, kuma mace mai yin zina rijiya mara zurfi ce. Lalle tana tsalle kamar ɓarawo, kuma tana ƙara yawan marasa imani cikin maza."" ""Kada ku amince wa waɗannan karuwai!",Yes
,"Aunty Hafsatu Aminu dafatan an dawo lafiya, Allah ya karbi ibada Amin 🤲",No
"And not only that, but her parenting tactics would've produced more clueless betas and manipulative self-righteous bitches.","Ba wannan kawai ba, amma dabarun tarbiyyarta da sun haifar da ƙarin yara maza marasa hankali da 'yan mata masu yaudara da girman kai.",Yes
,Shugaban jam'iyyar APC Abdullahi Adamu ya ce rikicin cikin gidan jam'iyyar ne ya sa suka fadi zabe a jihar Osun.,No
,Ta tabbata cewar Kano Pillars ta fadi daga gasar Firimiyar Najeriya bana a karo na uku a tarihin kungiyar.,No
men are way more likely to be physically assaulted. men and women are supposedly equal so crime against vagina isn't special.,"Maza sun fi fuskantar hari na jiki. Idan maza da mata daidai ne, to laifukan da aka yi wa farji bai da wani bambanci.",Yes
,"Gyaran FM Hadejia shine asalin kasuwar biyan buƙata. Yo in ba haka ba, me yasa tun kafin a fito takara ba a gyara ba?",No
,"Jama'a ku daina cewa ""Baba Buhari ya sayar da NNPC"", wannan maganar ba haka take ba.",No
"Kick her in the balls first, then jail the old bitch!",Ka dake ta a farjin ta kafin ka kai ta kurkuku.,Yes
,Abinda Yan Bid'ah Sukeyi a Aikin Hajji Izgilanci ne Ga Addini da Tozarta Kasar Musulunci.,No
rebuke her female nature,ka canja mata yanayin ta na mace,Yes
"the fuck are you spouting.. 2 heads are better than one, hopefully one stumbles along to recognize what type of relationship you want. If you chase and allow her to dominate the relationship then you fucked","Me kuke faɗa? Kayuka biyu sun fi ɗaya - da fatan ɗaya zai gane irin dangantakar da kuke buƙata. Idan ka bi ta ka bar ta ta yi mulki, to ka ɓata.",No
"1. They’re looking to see if other women want you (social proof) so they don’t seem weird if they want you. 2. If you’re a virgin, lie. Fake it till you make it. The girl who I lost my virginity to thought I had slept with 7 women (LOL).","1. Suna neman ganin ko wasu mata suna son ku (shaida na zamantakewa) don kada su zama masu ban mamaki idan suna son ku. 2. Idan baka taɓa yin jima'i ba to ka yi ƙarya. Ka yi kamar ka saba har ka samu nasara. Yarinyar da na fara jima'i da ita ta yi zaton na yi jima'i da mata bakwai (LOL).""",Yes
No person should ever expect others to treat them or their body with more respect than they treat their body. You can't treat yourself like shit but expect everyone else to treat you like a pretty little precious princess. =),Babu wani mutum da ya kamata ya yi tsammanin wasu su rika mutunta shi ko jikinsa fiye da yadda yake mutunta jikinsa. Ba za ka iya cin mutuncin kanka amma ka sa ran kowa ya rika kula da ka kamar yarinyar sarki ba. =),Yes
Stop giving a fuck what women think. She’s not your mom. Talk and fuck all the women you want. Don’t say that cringe boo shit. It’s beta and cucked,"Ka daina damuwa da abin da mata ke tunani, ai ba uwarka ba ce, kayi magana kuma kayi jima'i da duk matan da kake so. Kar ka maƙale musu. wannan ai wauta ne.",Yes
,"Ka kiyaye mutuncinka. Kada ka ci mutuncin wani karka yarda aci naka. Karka wulakanta wani karka yarda a wulakantaka. Karka yima wani sharri, ko hassada, ko kiyayya, ko mugunta, Allah zai kareka daga masu nufinka da haka.",No
,"Gashi halau ya kara farashin man fetur,Amma kunsan Da ba shi ke mulki ba aka samu ƙara farashin mai din nan da tunu yana nan ya ishe mu da kuka yana cewa ana cutar Talaka a Nigeria 😨.",No
,"Hoto na farko, gidan Atiku a Dubai, shiyasa ko sallah na bana ya tsere yayi a chan, hoto na biyu garin Adamawa kenan garin Atiku... wannan gidan da ya shirga a a Dubai kila ko an zabe shi chan zai rinka tserewa😁",No
Women want money. That's all women want. 99% of their activities is about maximizing profits from men. Men chase pussy women chase money.,"Mata suna son kuɗi, iya abinda mata ke so kenan, kashi 99 na ayyukan su shine don samun riba daga maza, maza suna bin farji mata na bin kuɗi.",Yes
Strange how she is several shades lighter in the painting. The arms look like ape arms. [URL],Abin ban mamaki yadda hoton ta ya nuna ta fi haske fiye da yadda take a zahiri. Hannunta sun yi kama da na biri. [URL],Yes
,"Ni fa yasin ko ɓaci raina yayi in naji an ambaci ""Khadija"" sai in samu ""Aɗɗumaninatun"" In ke ba Khadija bace toh...!",No
"You don’t delete on gab my friend. Unless it’s left wingers, you can delete as many of those cunts as you wish.","Kar ka share Gab abokina, sai dai idan 'yan hagu ne, zaka iya share iya yawan karuwan da kake so.",Yes
"She really did harassed me for no reason at r/insubs. I just said I hate IT, then she had gotten triggered by my post. SMH. She really is a BITCH!","Da gaske ta yi mini ta'addanci ba dalili ba a r/insubs. Na ce kawai ina ƙin IT, sai ta fusata da rubutuna. Kai! Ita ainihin karuwa ce!",Yes
""""" Getting women is like going to Walmart. I can shit on Walmart and still shop there faggot"""" This had me literally laughing out loud.","""""Samun mace kaman zuwa kasuwar walmart ne, zan iya zuwa nayi abin da nake so kuma nayi siyayya a wajen"""" Hakan ya ban dariya sosai",Yes
,Shifa musulunchi dadi ne da ita Allah Ka Kara mana Eimani da tsoron Allah Allah Ka Kara wa annabi daraja❤️,No
,Ai nadauka najeriyar Manjo ya saida! Sai anemi yafiyar Atiku ai.,No
,"Da Dumi Duminsa: Da yiyuwar INEC zata daure Ahmad Lawal, Tambuwal da kuma Akpabio na tsawon shekaru biyu",No
,Allah ya jikan kawu 'mamman' ya sa aljannah fiddausi makoma. Amen,No
"Thats what the middle east is like, they also change allegiances on a dime. [URL] Seems some cunt edited half the speech out, thats not the one I was thinking of. You can watch a longer one on youtube. Gaddafi calls out the Saudis more.","Haka al'adar Gabas ta Tsakiya take, suna canza mubaya'a kamar canjin hannu. [URL] Da alama wata muguwar mace ta gyara rabin jawabin, ba wanda nake tunani ba. Za ka iya kallon wani mai tsayi a YouTube. Gaddafi ya fi zargin Saudiyya a cikinsa.",Yes
,"Kawai Ku hakura mun fada muku ba wani zama da zaa sakeyi, kuzo a cigaba da tafiya a haka.",No
"And it is women who are terrified of men controlling their sexuality, because men wanting to fuck women is literally the only reason women survive.","Kuma  mata ne ke tsoron kar maza su samu damar juya jima'in su, saboda iya abinda maza ke shine jima'i da mata don su wanzu.",Yes
,"Duk wanda yace maka Buhari ya siyar da NNPC, ka tambaye shi ya fada maka waye ya siye ta? Idan ya'isa ya baka ansa. Kame kame kawai zaiyi maka.",No
"That bitch ought to have a husband with his cock silencing her stoopid, jewshit-babbling mouth.",Yakamata ace waccan karuwan ta samu miji da zai na sa ta yin shiru da azzakarin sa.,Yes
,"Ahmed Awaisu, Nagode!",No
"oh well, bet she knows very well what she wants and that is riding the cock carousel.","Haba dai, ina ganin ta san abinda take so sosai kuma shine ta samu tayi jima'i.",Yes
,"Sai kaga mutun yana ta sukar Atiku a 2019 kan yayi furucin zai sayar da NNPC, yau kuma kagan shi yana kare Buhari akan yin hakan.",No
,"Su fah masu suna ""Murtala"" akwaisu da kirki, mutunci, daraja, karamci, ihsani, biyayya, fadin gaskiya, rikon Amana, taimako, kuLawa, kyauta, da kuma sanin ya kamata.....Hakan yasa akewa wani lakabi da dan Aljannah 😻🙌🏻😁💃🏻💥🔥🔥",No
"If a woman says fuck marriage she's """"strong and independent"""" If a man says fuck marriage he's a misogynist and in a cult. Just more misandry and male shaming.","Idan mace tace bata buƙatar aure  to ta zama ""mace ma ikon cin gashin kanta"" amma idan na namiji ya faɗa to sai ace shi ""mai ƙin mata"" ko kuma yana cikin ƙungiyar ta'addanci. wannan ai cin zarafin maza ne da kuma zaluntar su.",Yes
,"Da alama gwabnatin nan ta gama aikinta kakaf ta shiga aikin Atiku Abubakar, saura Federal universities Da federal Medical Center.",No
"""""A man invests himself completely in a woman because he hasn’t made anything of himself. It is an abdication of his manhood."""" - [USER] [URL]",Namijin da yake yin wa mace kuma ya kasa yin komai wa kan sa. Hakan barin mazantakar sa ne.,Yes
,Tunda dai NNPC a ka sayar ba NNPP ba ai da sauƙi. Dama ba inda talaka ke amfanarta. Kawai dai Allah ya isan Atiku!,No
Call the cops on her and sue her for defamation. Girls are generally pathological liars. It would be easy when the cops go for the story only for her to change it regularly on the fly.,"Ƙira mata 'yan sanda kuma ka kai ƙaranta saboda ɓatanci. Yawancin lokuta mata maƙaryata ne, zai fi sauƙi idan 'yan sanda suka ji labarin da ke yawan canjawa daga bakin ta.",Yes
,AJAWA Political MARADONA NE A SIYASAR JIGAWA INJI ABDUL MAI RICE.,No
Are they just regular photos or are they kind of risque? You might suggest something a bit more sexy and see what she does. A girl that likes you won't mind a bit to show off some of her feminine wiles.,Shin hotunan na yau da kullun ne ko kuma sun ɗan ƙunshi abin burgewa? Za ka iya ba da shawarar wani abu mai ɗan lada ka ga yadda za ta amsa. Yarinyar da take son ku ba za ta ƙi nuna wasu daga cikin fasaharta na mace ba.,Yes
,"Komai Normal Ne, Ko me akayi Normal Ne, idan ma baayi ba Normal Ne...",No
"little girl, youre really the boss--come back tomorrow and find out how","Yar ƙaramar yarinya, lallai ke ce shugaba, ki dawo gobe ki san yaya aka yi haka.",Yes
,"Jama ar, Hadejia, Auyo Da Kafin Hausa Karku Zabi Kamfani Auyo Dan Bashida Kyawawan Manufofi Garemu",No
"I've never seen this many pissed off females in my life, for me ones, one too many..LOL","Ɓan taɓa ganin mata da yawa wanda ran su ya ɓaci kaman waɗannan ba, gaskiya suna da yawa.. LOL",Yes
Exactly. If you have to buy her she's a prostitute,Tabbas. Idan ka siye ta ta zama karuwa.,Yes
,Mutane Nagari kullum Kyakkyawan zato na binsu.,No
She almost looks like a woman in that pic. Almost....,Tayi kusan kama da mace a wancan hoton.,Yes
,Idan dan masarautar Hadejia bai zabi Dr. Nuruddeen Muhammad wa zai zaba?,No
There’s another subtext: “I’m not really a slut like those other women are”,"Akwai wata maƙala ma: ""Bani da halin karuwanci kaman sauran matan""",Yes
So ...typical woman?,To... ainihin mace?,No
9. This isn't the first time Tara has stirred up public drama by painting herself as some kind of victim of harassment from alt right men.,Wannan ba shine karo na farko da Tara ta tada hankalin jama'a ba ta hanyar nuna kanta a matsayin wadda aka yi wa tursasawa daga mazan masu ra'ayin m.,Yes
,Buhari ya kafa tarihi,No
"See a therapist. But make sure it's not female, or one that goes """"You just haven't found the right person yet.""""","Je wurin likitan kwakwalwa. Amma tabbatar ba mace ba ce, ko wacce za ta ce """"""""Har yanzu baka sami wanda ta dace ba.""""""""""",Yes
,Atiku bai siyar da NNPC ba Allah ka iya mana.,No
"LOL! You can go naked, you just can't be too HOT and do it. . These """"body-confident"""" undisciplined women (who often look like they have trouble dressing themselves anyway) might feel body-shamed. .","LOL! zaka iya zuwa tsirara, kar da ka kasance kayi kyau sosai, waɗannan """"""masu-ƙwarin gwiwa"""" mata marasa tarbiyya (wanda ko yaushe suke neman tsokana) zasu iya jin ka kunyata su.",Yes
,"Ka yi haƙuri da tsananin da kake fuskanta na wahalhalun rayuwa. Idan ka yi hakuri ka bi Allah da gaske, aljanna ce makomarka.",No
"The web is full of right wing sites with 10,000 true fans, mostly dimwit women, who blew smoke up the admins ass for years as they lost 90% of their contributors.","Yanar gizo yana cike da shafukan hannun dama masu fans 10,000 na gaskiya, galibi mata marasa hankali, waɗanda suka yi wa admins fatan alheri shekaru suna rasa kashi 90% na masu ba da gudummawa.",Yes
,"Ba NNPC ba , Yasin Baba Buhari ko gidanmu zai cefanar ina tare dashi dari-bisa-dari.",No
,"Assalam alaikum
Pls hide my ID
Nayi aure irin na soyayya Amma ko sati Daya bamu Yi ba ta fara min shegantaka. duk wani abin anfanin gida na kawo Amma sai in dawo gida ba abinci wai tayi baqi ta Basu, maman ta ta fara sintiri gidan mu, a wata sai tazo sau 5 sau 7 daga sannan sai tsiya ta karu. Ince ayi Abu taki Yi, in Hana ta Abu tayi idan nayi magana tace maman ta ce tace haka za'ai. Raina ya fara Baci sosai, watarana na dawo da daddare na zaunar da ita nake mata magana Akan nine mijinta Kuma ni kadai nake da iKon Sata ko Hana ta. kawai sai ta kama masifa wai Dan me zance kar tayi abinda maman ta tace, gari na wayewa wai zata tafi gida nace ga hanya Nan,ta wuce ta tafi. Sai bayan kwana 3 sai yayan ta ya Kira ni wai ya banzo ba nace ai ni bama na gari Kuma ai sune ya kamata su neme ni, nace bazai yiwu Ina auren yarinya Ina bata ci, Sha ,sutura, magani, wajen zama Kuma ace daga gida zata dinga karbar umarni, tayi kadan. Akai ta bani hakuri har da iyaye na da Yan uwa na , na hakura ta koma .
Ba dadewa ta Dora daga inda ta tsaya, ta dinga bincika min waya, a takaice ce sai da na sake ta sannan hankalin ta ya tashi , ita da uwar duk suka gigice ni Kuma nace wallahi bazan Maida ta ba.
Ina so in ja hankalin iyaye mata idan kuka aurar da yayan ku mata Dan Allah ku dinga kyale su ku Daina kashe musu aure, wasu matan Basu da hankalin da zasu banbance hakkin miji da kyautata ma iyaye.
Nagode",No
Shes not a real woman for being so reckless,Ba asalin mace ba ce saboda wannan ganganci da take yi.,Yes
[[URL] Smart women **do not** choose weak men.,[URL] Mata masu basira basu zaɓan maza masu rauni.,Yes
,SLM matan sirri dan allah kufada mata koda matsala sbd gaskiya ni bansani ba shine nace zan tambayar mata wata kawata ce dazu take fadamin wai dan allah idan oga yana shan kirjin mace hakan zai iya haifar mata da matsala ne ko kuma babu damuwa wai wlh ita abun yayi yawa yana yawan shamata kuma yanxu tanada tsohon cikin saiyafi awa daya yana tsotan kirjinta shine take neman shawara inda matsala xata daina yadda inba matsala kuma falillahil hamdi dan allah kufada mata amsa tagumi xaman jira banda zaki ko bakar magana pls,No
,"We still have some dozens of it 😂🤣.. Kowa sai ya samu.

Gadon gadon🤣..

When my sister got married aka dibar ma ta na ta kason.

Har da wani mai Murtala",No
,"That’s it!!! I am starting a Social program.

A lot of our sisters/ brothers are just fumbling.
Ya za a yi ace wai matar mutum baza ta iya kalon shi ta rike masa hannu ta mishi magana ba?
How would he know what’s going on if you don’t communicate it to him?
Men don’t read minds.",No
,"16-08-2022 BIDDING
Maaikatar Ilmi ta jihar Jigawa ta gudanar da bikin tayin bada kwangila na manyan aiyuka na 2022
A jawabinta wajen bude bikin tayin bada kwangilar, babbar sakatariyar maaikatar , Hajia Safiya Muhammad tace za a gudanar da aiyukan ne domin bunkasa harkokin ilmi da kuma inganta koyo da koyarwa a makarantu
Ta yi kira ga yan kwangilar da zasu sami nasara, dasu gudanar da aiyuka masu inganci kuma akan lokaci
A nasa jawabin mataimakin Daraktan aiyuka na maaikatar , Injiniya Kailu Aliyu yace aiyukan sun hadar da gina rukunin ajujuwa da kewaye makarantu da gyaran ajujuwa da tona fanfunan tuka tuka da shaguna da kuma bandakuna
A jawabansu daban daban wakilan hukumar tantance aiyukan kwangila Aminu Garba da kuma na maaikatar sharia Injiniya r Aliyu Abdullahi sun yaba da yadda tsarin bada aiyukan kwangilar ya gudana tare yin kira ga yan kwangilar su kiyaye da dokoki da kuma kaidojin gudanar da aiyukan kwangila",No
,alhamdulillah alah qulli haleen allah karawa annabi daraja allah yasa mudace duniya da lahira,No
"Bring her to your local Section 8 housing, show her your street's crazy cat lady, and tell her those women all believed they could do better than what they had. After that there's nothing you can do. She's on her own.","Ka kai ta gidan Section 8 na yankinku, ka nuna mata mata masu ban sha'awa, ka ce mata: ‘Waɗannan matan sun yi imanin za su sami abin da ya fi abin da suke da shi.’ Bayan haka, ba za ka iya ƙara komai ba. Ta dogara da kanta.",Yes
,Aslm gafa Kayan promo ga sauqi ga kwari da aminci tea flask 10k food flask 2k Roba 800 botiki 700 kofin dibar ruwa 250 Kano nake 08145305833,No
,Hoton yai min kyau,No
,"Wata baiwar Allah ta bayar da Zakkar Miliyan Daya, wata kuma 70k, sun ce a raba jarin 20k ga iyayan marayu, za mu raba a jahohi 4 Insha Allah akan tsohon tsarinmu, Allah ya biyasu.",No
,"MALARIA 
----------------

MALARIA: Wannan wani rashin lafiya ne da ake samunsa sanadiyyar cizon macen sauro, wadda take sakawa mutum kwayoyin cuta a cikin jini.

A na samun cutar ne a sanadiyar kwayoyin cutar da macen sauro ke zubawa mutum acikin jini.

KWAYOYIN CUTAR DA SUKE KAWO MALARIA :

1- P falciparum
2- P Vivax 
3- P ovalae
4- P malarias
5- P knowlesi

Amma amfi samun p falciparum a Nigeria shi yasa mafi yawan magani da ake amfanida shi na malaria a Nigeria ACT ne .

GA WASSU DAGA CIKIN ALAMUN MALARIA :

1- Zazzabi
2- Ciwon kai
3- Tashin Zuciya
4- Amai
5- Gudawa
6- Ciwon jiki
7- Atini
8- Dachin Baki
9- Rashin Cin Abinci
10- Rashin Karfin jiki.
11- Kasala
12- mutun yaji ya rasa abinda yake masa dadi.

GA WASSU DAGA CIKIN MUTANE IDAN MALARIA TAKAMASU RAYUWARSU TANA CIKIN HATSARI :

1- Mace Mai Ciki
2- Yara Kanana
3- Masu cutan Sickler

1- Malaria A Mace mai ciki Yakan kawo mata :

A- Haifan Macaccen jariri
B- Yakan Zubar mata da ciki.
C- Yakan Kawo Haihuwan Bakwaini .
D- Yakan Kashe Uwar Da Yaron Gabaki Daya.

YA AKE GANE MUTUM YANA DAUKE DA KWAYAR CUTAR MALARIA :

Ana gane malaria ne ta hanyoyi guda biyu wanda dukkansu jini ake gwadawa, sune :

1- RDTs Malaria test
2- Microcopy Malaria test

MATSALOLIN DA MALARIA YAKE KAWOWA ( COMPLICATION OF MALARIA ) 

1- Rashin jini a jiki 
2- Matsalar kwakwalwa
3- matsalar Ciwon zuciya
4- Matsalar huhu da oda
5- Kumburi ko fashewar spleen .
6- Yana saukan da suga ( HyPositiveglycemia)

KARIYA DA KAMUWA DA CITON MALARIA :

1- SPAQ (sulfadoxine-pyrimethamine + amodiaquine) wannan wata magani ce wanda ake bawa yara kanana masu watanni 3 zuwa 59 domin kariya daga cutar malaria.

Kungiyoyin lafiya ta cikin gida da ta dubiya sun dauki nauyin bada wannan maganin kyeuta a Najeriya duba da yanayin yadda rayuwar yara kanana take shiga hatsari idan suka kamu da Malaria.

Ana bada maganin lokocin da ruwa yafara sauka wato sakanin July da October domin itace lokocin akafi samun ciwon Malaria.

Note: 

1- Yaro mai zazzabi ba'a bashi
2- Yaron da yasha septrin ba'a bashi
3- ba'a hadashi da ko wacce irin maganin malaria.

2- Fansider (sulfadoxine-pyrimethamine) ita ma wata magani ne wanda ake bawa mata masu juna domin kariya daga cutar Malaria.

Ana bada maganin ne da zarar mace cikin ta yakai watanni hudu ( 16weeks), sannan abada 2nd dose a 20 - 22 weeks sannan a bada 3rd dose a 26 weeks ( akalla ana so a samu tazarar sati 4 sakanin ko wacce dose).

3- Akoi sauran magunguna da ake amfani da shi domin kariya daga malaria kamar su:
- Proguanil
- Doxycycline
- Daraprim
- da sauran su

4- Sauran hanyoyin sun hada da:

- Shiga gidan sauro.
- Daina Barin ciyawa cikin gida .
- kiyaye tsabtan muhalli da ta bayan gida dan kada sauro su samu wurin zama.
- Kwashe shara akai akai kada abari yataru a gida.

MAGANIN ZAZZABIN CIZON SAURA :

Maganin zazzabin cizon sauro shine duk sanda akayi rashin lafiya a ziyarci asibity domin a tabbatar da shi daganan likita yabada magani .

IDAN NAJI ZAZZABI ZAN IYA SHAN COATEM ???

A,a baza kasha ba sabida shan magani barkatai yana da illa , kuma an hana shan maganin nalaria batareda an aunaka an tabbata kanada malarian ba .

Mafita shine idan kaji wayennan alamomi kaje asibity mafi kusa da kai domin ba malaria kadai bane yake kawo wadannan alamomin ba .

Lafiya uwar jiki",No
,"AsslmAlykum
Hide my I'd and approved my Positivest urgently
Dan Allah masana da teachers din gidan nanba taimakamin da yadda ake rubuta 6step lesson plan",No
"Fuck that shit. Be a man and get angry. If bitches don’t like you, fuck it. We will work on ourselves and get rich. So that one day we can be elected senator and fuck their daughters!","Tirr da wannan abin. Kasance namiji kawai ka ɓata rai, idan ma 'yan iskan nan basu son ka, sai me. zamu yi aiki don mu azurta kan mu. saboda watarana mu sanatoci sai muyi jima'i da 'ya'yan su mata",Yes
,"KO KUN SAN CEWAR: Alhaji. Ahmad Idris ne tsohon Akanta Janar na Najeriya tareda matasa ƴan jihar Kano da ya samawa aikin ɗamara, Kuma an ce dukkanin su ba dangin iya ba na Baba.

Tabbas ya yi ƙoƙarin sosai domin irin su aka rasa a cikin al'umma, Allah Ta'ala ya saka masa da alkairi ya ƙaro mana irin su.

DAGA Anas Saminu Ja'en",No
Not sure she ever had a brain...,Bana tunanin ta taɓa samun ƙwaƙwalwa..,Yes
☝️😄 .... 40 years from now she'll complain that she was forced into exploiting her sexuality in order to feed herself and sue MANkind 😂🤣😂 #MAGA #FeminismIsCancer,Shekaru arba'in masu zuwa zata yi ƙorafin cewa an takura mata ne da ƙarfi wanda hakan ya jawo ta fara karuwanci don ta ciyar da kanta sannan ta kai ƙaran bil'adama #MAGA #FeminisimisCancee,Yes
[URL] Crime wave in Germany - Cracks start showing in the female narrative,[URL] Yawaitan laifuka a ƙasar jamus - gaskiya ta fara bayyana a labarun mata.,Yes
"LMAO - tbh, I felt kinda sad for him, because a part of him believed this girl to be a """"good girl"""", and he just discovered she is a hoe like the others.","LMAO - a gaskiya, na ji tausayinsa, domin wani bangare na shi ya kasance yana ganin wannan yarinyar 'yar kirki ce', sai ya gano cewa karuwa ce kamar sauran.",Yes
Islam is always right about these disgusting creatures.please my mgtow friends islam is the key and woman should be under sharia immediately,"Musulunci koyaushe yana da gaskiya game da waɗannan halaye masu banƙyama. Don Allah ƙawayen MGTOW, Musulunci shine mafita, kuma ya kamata a sanya mata ƙarƙashin shari'ar Musulunci nan da nan.",No
"[USER] Let's play this song and trigger the feminists, male and female, who (having no ideas) claim it's a song about """"rape."""" Idiots.","[USER] Mu kunna wannan waƙa mu tayar da hankalin masu rajin kare hakkin mace, maza da mata waɗanda (ba su da wani ra'ayi) suke cewa waƙar ta shafi """"""""fyade""""""""."" Wawaye.",Yes
"You will lose tons of viable leads this way. You're a man. Men are expected to lead. Go do that instead of waiting for her to take the initiative, most girls never will.","Za ka rasa dama masu amfani da yawa ta wannan hanyar. Kai namiji ne. Ana sa ran maza su zama jagora. Ka tafi ka yi hakan maimakon jiran ta ta ɗauki mataki, yawancin 'yan mata ba za su taɓa yin hakan ba.",Yes
Yeah. And I hang out in here to pass that on to younger men so they don’t have to be manipulated into spending money by women like you who are just using their weakness against them. Your trade has dried up - learn to code.,Eh. Kuma na zauna a nan don isar da wannan sako ga samari don kada a yi amfani da su don cinye kuɗi ta hanyar mata irin ku waɗanda ke amfani da raunin su. Sana'ar ku ta bushe - ku koyi yin coding.,Yes
"By the looks of the angry women at the #WomensMarch, they need to march for a few more weeks before they can fit into anything other than stretchy pants. #Trump #MAGA [URL]","Daga fuskokin mata masu fushi a #WomensMarch, Suna buƙatar su ci gaba da atisaye na wasu satittuka kafin su zama kaya zai musu daidai. #Trump #MAGA [URL]",Yes
"All I have to say is that I am so glad I've been married to a wonderful woman almost 17 years this December. No false accusations, no STDs, no mind games, no unfaithful bitches (ahem... ex-wife), etc.","Duk abin da zan faɗa shi ne, ina farin cikin cewa na yi aure da mace mai kyau kusan shekaru 17 wannan Disamba. Babu zargin ƙarya, babu cututtuka, babu wasan kwakwalwa, babu mata masu lalata (ahem... tsohuwar matata), da sauransu.",Yes
"This bitch did, his mother was a judge.","Wannan 'yar iskar ce tayi, maman sa ita ce alƙali",Yes
"I approached because women are too cowardly to approach. So if she is a coward, what makes her better than me?","Na tunkare ta domin mata ba sa ƙarfin hali don tunkarawa. To idan ita mai tsoro ce, me ya sa ta fi ni?",Yes
"It’s not your height ... I am 6’ with everything 6 figure (6’, 6”, 6 -0s).... but she want everything... women can’t be happy","Ba tsayin ka ba ne... Ni 6' ne da komai a lamba 6 (6', 6"", 6-0s)... Amma ita tana son komai... Mata ba za su iya samun farin ciki ba.",Yes
She could just sell feminist smart rape whistle for people to throw money at her,Zata iya siyar da Smart Rape whistle saboda mutane su bata kuɗi,Yes
Nope virtue is a female responsibility.,"A'a, kyawawan halaye alhakin mata ne",No
Damn marriage even sucked back then. Wonder what the tradcucks are going to say now since they think everything was peachy back in the day. Sure females were under more patriarchal control back then but they were still uber cunts to deal with.,"Auren da ma ya kasance mai ban tsoro a zamanin da. Ina mamakin me 'yan tradcuck za su ce yanzu, ganin suna tunanin komai ya kasance mai daɗi a da. Haka ne mata sun kasance ƙarƙashin ikon maza sosai, amma har yanzu sun kasance mata masu taurin kai.",Yes
"If you find a weaker female candidate is promoted in preference to yourself, I would resign immediately. So should every male.","Idan ka ga an ɗora wata mace mai rauni a matsayin da ya kamata ya kasance nawa, zan yi murabus nan take. Kowace namiji ya kamata ya yi haka.",Yes
You aren't supposed to hit women no matter WHAT they do.-Says some dumbass Simp. I wish the officer could have beat her with a club.,Bai dace ka dake mace ba ko me ta aikata. inji wani shashan basimpe. Ina fatan ace ɗan sandan zai buge ta da sanda golf.,Yes
"I don't care if she's lying or not. These bitches want to make SEX Illegal! Screw them. Er, or not!","Ban damu ba. ko ƙarya take faɗa ko gaskiya, waɗannan 'yan iskan suna so su mayar da jima'i ya zama abin laifi. tsinannu. Er, ko kuma a'a!",Yes
Most women would kill themselves if they were treated like men. This. They have no idea how coddled they are or how good they have it. Society props them up so much. Imagine having a pussy and coasting through life.,Yawancin mata ba za su iya jurewa matsalolin da maza ke fuskanta ba. Ba su fahimci irin tagomashin da suke da shi a cikin al'umma. Akwai wani gaskiya cewa al'umma tana ba mata wasu fa'idodi na Musamman. Ta yaya za ayi kina da farji kuma kina shan wahala.,Yes
"Meetup.com, I'll give it a shot when I'll be back home. i simply hope it is popular here in my country. Yeah, I feel I could be somewhat an interesting man for women. Too bad I rarely find women to have a nice conversation with..","Za na gwada Meetup.com lokacin da na dawo gida. Ina fatan ya shahara a nan ƙasata. A'a, ina jin zan iya zama mutum mai ban sha'awa ga mata. Abin takaicin kadan samun mata masu kyakkyawar hira.",Yes
"You may think your step sister is different. Odds are she isn't. Consider that her advice may be skewing your perception of outcomes. She's still just a bitch, susceptible to bitch fallacies.","Kana iya tunanin ’yar uwar ka wanda kuka haɗa uba ta bambanta. Amma akwai yuwuwar ba haka ba ne. Ka yi la’akari da cewa shawarwarta na iya karkatar da hangen naka game da sakamako. Duk da haka, ita ma mutum ce kawai, mai saukin fada cikin ra’ayoyin da ba su dace ba.",Yes
"Seriously. All women think about is status and sex, and then crotch spawns after they shit their first one out.","Iyaka abinda mata ke tunani shine matsayi da jima'i, sai kuma suyi nadama bayan abu ya bayyana.",Yes
,"Auren da ba tattaunawa a tsakanin mata da miji
BAUTA ne.
To in ba bauta bane menene?🤔",No
Religious girls slut it up just as bad as any other.,yan mata sa basu zina suma zasu iya yi kaman sauran mata.,Yes
"Honestly, yes. Numales ruined the care that women need to take",A iya gaskiya wasu mazan su suke ɓata wasu matan.,Yes
Drunk hanging on a lamp post notices a hooker walking by and calls her a cheap whore. She slugs him with a sock full of quarters.,Wani mashayi dake rataye a wutan layi ya hangi wata karuwa sai ya ƙira ta da karuwa mai arha. sai jife shi da safa ɗauke da dutse.,Yes
,Ashe kaima Buzu na ka suna waje neman ilimin,No
the vast majority of women cheat on their military boyfriends and husbands and yet guys are still signing up to serve. that's pathetic. only a piece of shit defends a society this depraved and the gynocentric system that rules over it.,"Da yawa daga cikin matan da 'yan matan sojoji suna cin amanar su, amma maza da yawa suna son zuwa soja, waye zai je ya bada kariya wa ƙasar da bata masa komai ba.",Yes
"You have much to learn, young Padawan: female deception knows no bound.","Kana da abin koyo da yawa, Young padawan: makircin mata ma da yawa.",Yes
"If you zoom in on her face, you can see how the first hides all the freckles Nice tits too",Idan ka jawo hoton zaka ga yanda nonowanta masu kyau suka ɓuya.,Yes
The only thing strong independent women need is a dominant man. I have a feeling she'll be chasing you after you eject.,Iya abinda mace mai ƙarfi da dogaro da kai ke buƙata shine namiji mai iko. ina ji dole zata fara bibiyanka.,Yes
,"Alhamdulillah!!
Madallah!!
Allah ya amince muna!!!

Labari ya yadu ko ina fada ake, daga ko ina kira na akeyi akan wannan Magana.

Wannan satin mai tukewa bansan adadin kira da akamini ba, akan cewa Minister ta fada za,a biya kowa cikin sati mai zuwa, sai dai wasu nacewa Monday 28 wasu kuma Tuesday 29 to koma yaushe ne fatan mu Allah ya amince muna.

Abin bada misali wani ya kirani daga Jahar Kano yake cewa shi ya gani a daily trust Minister na cewa zata biya Exited NPositivewer Batch A da B.
Muna fatan Allah ya tabbatar da haka,

Wani ya kirani ya ce 'Minister zata biya kowa' sai nace Allah ya hukunta haka saboda Minister abar tsoro ce batayi abu ba ta tara manena labarai ta fada, ina ga wannan.

Duk wannan babu abinda zance sai dai fatan Allah ya tabbatar da faruwan haka. Saboda haka mucigaba da addu,a da fatan Allah ya kaddara faruwan haka, idan minister ta biya kowa akwai gagarumar kyauta daga all Exited NPositivewer insha Allah.

Ya Allah kamar yanda ake yada wannan labari na biyan Exited NPositivewer 500,000 kada wannan ya tafi a banza ameen, ya Allah Ka biya mana wannan bukata ameen.

Fatan Alkhairi ameen",No
"She is an ignorant piece of schiff. Her day will come. Why anyone follows her is a mystery. She talks schiff but that's all it is. She just looks like an asshole, act's like a dumb bitch. Just saying","Ita fa jahila ce, kuma ranan ta yana zuwa, me yasa ake bin ta abu ne da ba a san dalili ba, tana magana maii daɗi amma shikenan, kawai tana kama da 'yan iska, kuma tana abu kaman karuwa. kawai ina faɗa ne.",Yes
"And you still just standing around with your non existent cock in your hand saying, that's not right. Kill the mother fuckers back! You feckless pussies.",Kana tsaye da wani azzakarin ka da babu kana faɗin hakan ba daidai bane. ku kashe,Yes
what it's like attempting to argue with the female species part 3:,Yadda Ƙoƙarin Muhawara Da Mata yake: Sashe na 3,Yes
"He's got it backwards, we need STRONG men and GOOD women.","Ya ɗauki abin bai-bai, muna buƙatan mazaje masu ƙarfi da mata masu ɗa'a.",No
Well if he’s a “pimp” then I guess all you lady’s know what that makes you...,"To, idan shi 'kawali' ne, to ƙila ku mata kun san abin da hakan ya mayar da ku..",Yes
"Which likely caused the rape in the first place, so then they must stone her to death : ) Problem solved.","Hakam ya jawo fyaɗen a karon farko, to yanzu za a jefe har mutuwa :) shikenan",Yes
All she had to do was go to a lawyer's office. I'm sure she was late to every appointment and he also bought her lunch each time. Hoes don't stop hoeing.,"Abin da ta kamata ta yi shi ne ziyarci lauya. Ina tabbacin cewa ta makara a kowane lokaci, kuma yana ba ta abinci a kowane karo. karuwai dai ba sa canza halayensu.",Yes
"Toxic masculinity is hate speech. This sexist thinks her feeings of being unprotected, neglected and unloved should be addressed by men. Why should i give a damn?","Halin maza mai gurbatawa (toxic masculinity) wani nau'in kalaman kiyayya ne. Wannan mai nuna son kai na jinsi tana tunanin cewa rashin kariya, sakaci da rashin soyayya ya kamata maza su magance. Me ya sa ni da na damu da haka?",Yes
"Probably downvoted because of looking for noodlewhore. Male looking for a particular race? Whoa, racist! Female looking for a particular race? It's not her fault best p3rsonality is always attached to Nordic Aryans, teehee you inkwell","Ana iya ƙalubalantar wannan ra'ayi saboda neman wata ƙabila ta musamman. Idan namiji ne, za a ce shi mai wariyar launin fata! Amma idan mace ce, ba za a ce ta da laifi ba - domin a ƙarshe, 'halin da ya fi dacewa' yana tare da ƴan arewa masu farin fata. Kai waɗannan ba su da mutunci!",Yes
,Naga wani Positivest na Baba Atiku akan National Grid dayayi collapsing Dazu da safe… bai san an kawo mana wuta 1 hour ago ba😂,No
"Incels would love to be committed to any woman, so just fucking lol at using the argument that men don't want to commit. Only the top20% men don't want to commit because they just want to use you as a cheap cum dumpster.","Maza da ba su da dangantaka (incels) da sunke son saduwa da kowane irin mace - don haka ba gaskiya ba ce cewa maza ba sa son aure. A gaskiya, wasu maza masu fice (top 20%) ne kadai suke guje wa alƙawari, domin suna kallon mata a matsayin abubuwan sha'awa kawai.",Yes
All you gotta do is look at the size of her and realize there aren't many men interested in raping her. Number 1 because she is hideous and number 2 because they probably aren't strong enough.,"Idan ka duba yanayinta, za ka gane cewa da yawan maza ba zasu yarda su mata fyaɗe ba. Na farko saboda ba ta cikin ka'idar kyau, na biyu kuma saboda wataƙila ba su da ƙarfin hali",Yes
"I think rape is to men what motherhood is to women. Most women have an innate desire for motherhood. And men, well...","Ina tunanin fyaɗe aikin maza ne, lura da yara aikin mata ne, da yawa daga cikin mata suna son su raini yara. amma maza..",Yes
,Matan auren gidannan kowa tafadi shekarar aurenta dakuma watan da aka daura Mata auren unkunzo daya sai akulla zumunci nidai 2018 kuma watan kukan akuya meyyyyy.........,No
My gf makes more than me... I better mansplain her true nature to herself bc she’s clearly not behaving accordingly!,Budurwa ta tana samu sama da ni.. dole na nuna mata ta nutsu fa.,Yes
A world run by women will make hell seem like a vacation spot.,Duniyar da mata ke jagoranta zai sanya wuta ya zama wajen hutu.,Yes
,"ASLM anty mai jidda pls dan Allah hide my id, yan uwa ykk y gd Ina tashi mijina daga bacci sai in huramasa iska a fuska shine muna fira yake cemun wai shikam ba'a canza masa bane wlh ba inda nake zuwa donni ba yar garin bane pls kutaimakamin da shawara dan Allah banda zagi",No
Fucking disgusting you can see the kid trying to hold on single motherhood is a plague avoid that shit AT ALL COST,"Abin ƙyama zakaga yaro yana riƙe rainon guda ɗaya iya ƙarfin sa hakan kaman annoba ne, ka nisanci wannan abin ko ta yaya.",Yes
"I love the former first lady. She is a brilliant person, woman, beautiful, and not a ghetto bitch. Learn the difference. In fact, I like her more than I like BO. Beautiful family though on all aspects.","Ina matuƙar son tsohuwar uwargidan shugaban ƙasa. Ta kasance mace mai hikima, kyakkyawa, kuma ba ta da ɗabi'un da ba su dace ba. Ku fahimci bambancin. A gaskiya, ina son ta fi na tsohon shugaba. Duk da haka, dangi ne kyakkyawa ta kowane fanni",Yes
Yeah I'll echo DrSleeper here; women are typically very gracious or hurt. &#x200B; &#x200B;,"Eh zan shelanta DrSleeper a nan, mata suna da matuƙar godiya ko kuma su sha wahala.",Yes
Look at how her stupid feet stagger around trying to figure out why gravity is being so sexist and won't pussy pass her baaahahaha !,Dubi yadda mummunan ƙafarta ke yawo don ƙoƙarin fahimtan dalilin da yasa doka ba ta ba ta fa'ida ba - wani abin ban dariya ne ganin yadda take yi.,Yes
The best way for a woman to work her way up the corporate ladder is to sue her boss for harassment.,"A cikin yanayin aiki na yau, wasu mata suna ganin cewa shari’a kan cin zarafi daga shugabanci hanya ce mafi sauri don ci gaba a matsayin su.",Yes
,"Wasu ma sunada side effects,komai natural ai yafi,akwai abubuwa natural da mutum zesha e.g fruits nd so on basai anyi shaye shayen nan na magunguna ba.",No
We need to know how both men and women handle space travel. You can't colonize other planets with just men. Plus space travel would get mighty boring without you cuties and your nice hair.,"Muna buƙatar fahimtar yadda maza da mata za su yi aikin tafiye-tafiye zuwa sararin samaniya. Ba za a iya ƙirƙirar sabbin duniyoyi da maza kaɗai ba. Ƙari kuma, tafiyar sararin samaniya za ta zama marar daɗi idan ba tare da ku mata masu kyau da gashin ku mai kyau ba!",Yes
"If you just go to watch your favorite streamers and avoid browsing, you can easily go without even noticing the thots.","Idan kawai ka kalli masu watsa shirye-shiryen da kake so, ka guje wa bincike, za ka iya guje wa ganin abubuwan da ba ka so a sarari.",Yes
Lol no he isn't. You ladies shit test alot and that is a common one.,Lol. ba shi bane. ku mata kuna gwajin shirme da yawa hakan kuma ya bi jiki.,No
Independent women are just women who still want the man's money but without having to give anything in return.,"Mata masu zaman kansu, a wasu lokuta, ana iya ganin cewa har yanzu suna buƙatar kuɗin namiji ba tare da ba da wani abu a madadin ba.",Yes
,Bayani gwari gwari idan katurawa friend dinka 0.01 busd binance zasu baka 1.55busd sau dayane kawai,No
Exactly. It disgusts me that animals must suffer in order to improve the quality of life for females. If anything it should be femaloids who suffer for the greater good of men AND animals. After all females are lesser than both.,"Idan aka yi la’akari da yadda ake amfani da dabbobi don binciken kayan kwalliya da aka tsara ga mata, wani zai iya tambaya: Shin akwai wata hanya mafi kyau da za a bi ta amfani da fasahar da ba ta cutar da maza ko dabbobi ba tunda matan basu kai su mutunci ba?",Yes
I always find this statistic comforting. Women want men working for women but don’t want to work for women themselves. I wonder why 🤔,"Wannan ƙididdiga na ba ni kwantar da hankali: Yawancin mata suna son maza su yi aiki don su, amma ba sa son yin aiki a ƙarƙashin jagorancin mata. Ina mamakin dalilin hakan. 🤔",Yes
"Dude, stop playing the pussy game. All I'm getting from your post is jealousy of other guys and distaste for the women that pick them instead of you. Kill your social media, it is a cause of your social anxiety.","Ka daina yin wasa ragwanta. Abin da nake gani daga rubutunka shi ne kishi ga wasu maza da ƙin mata waɗanda suka zaɓe su. Ka kashe shafukan sada zumuntan ka, suna haifar maka da damuwa.",Yes
"No, he remembers them well. In fact their cuntishness was a formative experience and has shaped and will continue to shape his dealings with women for the rest of his life. He is fortunate to have learned his lesson at an early age.","Ya tuna da su sosai. A gaskiya, halayensu na rashin kunya sun kasance babban koyo wanda ya tsara kuma zai ci gaba da tsara mu’amalarsa da mata har abada. Ya yi sa’a da ya koyi darasin tun yana matashi.",Yes
,"Assalamu alaikum matan sirri kutayani dubawa, mijinane jiya dazaifita mukayi dashi akan taliya jallof zandafa amma idan yakusa dawowa zaimin waya sai Indora dan yacita da zafifi todayake baya dawowa dawuri sai wajen takwas yamin waya cewa gashinan sai Nikuma nadora taliya awuta to bayan yashigo gida sai iyaduba fridge yaga babu ruwa sai yace bari yaje yasiyo sainace to amma karkada dade don abincin yariga yadahu bawan Allah tunda yafita baidawoba har kusan minti talatin todanaga haka sai nace bari nakirashi saboda Kar abincin yahuce ina kira Sai naji busy intakaita muku dai har ten nadare bai shigoba Nikuma ina ta gwada Kiran layinsa still dai busy sai dayagama yashigo sai nace kagama Soyayyar waidaga cewa haka yafara masifa shifa indaina bibiyarsa shikenan bazaiyi wayaba dama banaso yaci abincin ne kuma soyayya yanzu yafara Nikuma naishiru bance komai ba nazubo abincina naci shine yatafi yasiyo maltina da madara yazo yasha, dagari yawaye kuma sai yafara balai Wai ina kallo bai ci abinciba amma banzo na lanlasheshiba kuma nasan yanada ulcer shifa inyagadaman kara aure bamai hanashi sainikuma nacewaye zaihana kadama amma dai kabari kayi gidan kanka shikenan fa Wai karna gayamishi maganar banza watakilma inyayi auren arzikinshi yazo sai nace kace auren jari kakeso kayi shikenan fa yafara zakina har da marina kumafa ga ciki wata shida. To Wai inada laifi dayakai har daduka",No
Bad because its society that has to pick up the tab if it turns sour; Slut walks and single mothers comes to mind.,Mummunan abu ne domin al'umma ce za ta biya kudi idan harka ta gagare; tunanin 'yan mata masu sassaucin ra'ayi da uwaye gwauraye ya zo a zuciya.,Yes
He didn't kill her. He slapped her. I like how they capitalize AVOIDS and make it look like he killed her out of jealousy. She was a whore and was busted for it. Reputation damaged. Took the low road out.,"Bai kashe ta ba, ya mare ta. Ina lura da yadda jaridun suka yi amfani da kalmar 'AVOIDS' don sa a yi kamar ya kashe ta saboda kishi. Ta kasance mai sassaucin ra'ayi kuma an kama ta saboda haka. Sunyanta ya lalace. Ta zaɓi mafita mara kyau.",Yes
,Aslm Dan Allah a ina xansamu tiraren mujallabul khairi da mujallabul sharri pls,No
"but she was hot! i wish she would have just gone back to the BJ, rather than go wash her makeup off and sleep in another room...","Ta kasance kyakkyawa! Da ma an ce ta ci gaba da zama, maimakon ta tafi wanke fuskarta ta kwana a wani daki",Yes
My relationship with my ex was a lot like Forest Gump's and Jenny's..... she was a whore and I was retarded.,"Dangantakata da tsohuwar budurwata ta kasance kamar ta Forest Gump da Jenny… ni mai taɓin hankali ne, ita kuma karuwa.",Yes
"I never thought I'd see the day, thots are finally dropping the pretense and just flat out saying """"pay 4 mAh baby"""".","Ban taɓa tunanin zan ga wannan rana ba — mata masu neman fa’ida sun daina ɓoye gaskiya, yanzu kai tsaye suke cewa “biya min kuɗi don ɗana.",Yes
,"#MADAKI MEDIA TEAM RGG#

Sanin Mahimmancinka Da Gudummawarka A Siyasar Karaye Shine Yasa Muke Ta Fata Allah Ya LAMUNCE Kazama
.
WAKILIN Rogo Da Karaye A Majalisar Tarayya.
.
Wanda Insha Allah Mai Girma MADAKI Zaizo Da Sababbin SALO Na Cigaban Yankinmu.
.
Wanda Insha Allah MADAKI Zai Cigaba Da Tafiya Da MATASA Tareda INGANTA Rayuwar Su Kamar Yadda Yasaba.
.
Kai Duka MATA, MAZA DATTIJAI Babu Wanda Za'a Bari Abaya.
.
MADAKI Clear The Road 2023 Insha Allah.
.
*Usman Auwal Adam*✍️",No
Don't know but what I do know is that there will be an army of dykes waiting for them.....with broom handles,"Ban sani ba, amma dai abin da na sani shine taron 'yan maɗigo da suke jiran su.. da ƙotar tsintsiya.",Yes
The difference between a liberal woman and a battery? A battery has a positive side.,"Banbanci tsakanin mace mai zaman kanta da batir, shi batir yana wajen amfana.",Yes
Plan your exit....give evidence and start filing...push her for a girls trip or vacation use that time to move your things out i hope your not a feminazi but i hope i helped if your a brother to us,"Ka tsara hanyar fita daga wannan dangantaka... tattara hujjoji ka fara shirya takardu. Ka ƙarfafa ta ta je tafiya ko hutu tare da kawayenta — ka yi amfani da wannan dama wajen kwashe kayanka. Ina fatan ba ka daga cikin masu ra'ayin ƙarshe na mata, amma idan kana ɗan’uwanmu, ina fatan na taimaka.",Yes
"He said, """"I just found out that my great, great grandfather was a runaway slave, because my great, great grandmother was a bitch."""" buh-dum *pss*","Ya ce, “Na gano cewa kakana na ƙarni na huɗu bawa ne da ya tsere, saboda kakata na ƙarni na huɗu 'yar iska ce.” (buh-dum pss)",Yes
I hope someone rapes this woman.,Ina fatan wani yayi fyaɗe wa wannan matar.,Yes
"My mother was a crackwhore who put me on this place as a crackbaby, I will burn her grave if she dies.",Mamana karuwa ce wacce ta sanya ni a cikin wannan waje. duk ran da ta mutu sai na ƙona kabarin ta,Yes
,"Aslm
Hhhhhhhhhhhhh 🤣 saurayi na yace ranar talata zai kawo mun sako na wato barka da sallah sai ranar akai ruwa bai zo ba sai laraba yace in hakuri alhamis Yana nan tafe sai gashi jiya yazo bayan mun gaggaisa Zan tafi wai sai yaban dari biyar 🤔 wlh ko shi sai da yaji kunya sai de kawai nace nagode yo Ni rabon da aban 500 barka da sallah ai tun Ina karama Kuma fa tunda muke bai taba ban komai ba sai jiyan",No
Cause you said “was” going to be a against her. Change it to “why downvote me when I’m against that bitch spawn of Satan”,Me ya sa za a ƙi amincewa da maganata alhali ni ina adawa da waccan ‘yar matsala wadda ke da halin mugunta?,Yes
Okay with how things are going if ww3 happens all the countries with nukes are going to shoot themselves instead of the enemy because they put a woman in charge of nuclear military power Holy shit thats some fucking delusion,"To a yanayin yanda al'amura ke tafiya idan yaƙin duniya na uku ya auku, dukkan ƙasashe masu makamai nukiliya zasu harbe kawunan su a maimakon abokan gaba saboda sun sanya mata ne masu lura ƙarfin nukiliya. hakan mafarki ne.",Yes
"She'd make a great second wife for someone..though, she's a bit too old for their likes I reckon.","Za ta iya zama mata ta biyu mai kyau ga wani, ko da yake ina ganin shekaru sun fi dacewa da waɗanda ba su fi son manyan mata ba.",Yes
"Of course, it's one fat reason. Men with ugly faces have to deal with it, women can go from [ugly to hot]([URL] by using makeup. And it's so widely accepted, it becomes their default face.","Tabbas, wannan babban dalili ne. Maza masu fuskoki marasa kyau dole su yarda da hakan, amma mata na iya sauya daga rashin kyau zuwa kyau ta hanyar amfani da kayan shafe-shafe. Kuma hakan ya zama ruwan dare, har ya koma kamar ita ce fuskarsu ta asali.",Yes
"just me, look at Nature, females in heat, give off the odor..if I travel on a bus or train, and sit next to a stinking female with no personal hygiene, you can bet I will ridicule her. hope they enjoy their UTIs. thanks","Ni kaɗai, kalli yanayi, mata idan suka ji zafi suna wari.. idan nayi tafiya da Motar bas kuma na zauna kusa mace mai wari da bata lura da jikin ta, dole zan kunyata ta. Ina fatan zasu ji dadin UTIs. Nagode",Yes
,ohoo hoooo ni abula mutane suyita zuwa.gurina amman nibana zuwa.har sai mace tagaji tadaina zuwa.kumafa nima inasan inje amman bana iya.zuwa.koda.mai kalan halina agidan nan jama.a kusani a addua,No
"You said women have a ton of design flaws, men cannot do better than women. I said women are the only option men have but we’re trying to use technology to give men another option besides women. Raise your hand if you’re confused.","Ka ce mata suna da tarin kura-kurai a halittarsu, kuma maza ba za su iya fiye da su ba. Ni kuma na ce mata su ne kawai zaɓi da maza ke da shi, amma muna ƙoƙarin amfani da fasaha domin samar da wani zaɓi daban ga maza, ba tare da dogaro da mata ba. Tashi hannu idan hakan yana rikita ka.",Yes
It's only funny when it's offensive towards women. Make a joke about men and all of a sudden misandry is alive and well and the radical man-hating feminists are literally going to kill all men.,"Abin dariya ne kawai idan an yi ba’a da mata. Amma da zarar an yi wani magana akan maza, sai a fara cewa ana nuna ƙiyayya ga maza, kuma za ka ji cewa mata masu ra’ayin ƙarshe suna ƙoƙarin kawar da maza gaba ɗaya.",Yes
,"DA DUMI DUMINSA: Yan majalisun tarayya guda 192 da suke Shirin ficewa daga jam iyyar APC Rahotanni sun nuna cewa mafiya yawansu cikin jam iyyar NNPP zasu koma.

Yunkurin fita daga jam iyyar APC ya biyo bayan Zaben da akayi jiya a jihar Osun inda wasu Yan majalisun tarayya suke ganin ba Lallai bane APC takai labari ba, shiyasa wasu daga cikinsu suka fara nemawa kansu mafita.

ZAben jihar Osun ya Zama izina ga jam iyyar APC sabida hakan ya nuna cewa al'ummar Nigeria sun gaji da mulkin jam iyyar a Nigeria.

Rahoto daga PREMIUM",No
"Because women want to have FULL CONTROL over you, from the friends you have, to the job you work, to even having the choice to satisfy yourself. Its why i'll never get married, even if the laws were changed...","Domin mata na son su sami cikakken iko a kanka daga abokanka, zuwa aikin da kake yi, har ma da 'yancinka na gamsar da kanka. Wannan shi ne dalilin da ya sa ba zan taɓa yin aure ba, ko da an sauya dokokin.",Yes
"Alpha widowed.. She will destroy you when she gets a chance because she """"knows what's out there"""", and like a crack addict; she craves the chad..","Bazawra mai ƙarfi; kuma idan ta samu dama, za ta iya rushe sabon dangantaka, domin tana da masaniya kan abin da ke waje. Kamar mai ɗaukar miyagun ƙwayoyi, tana ƙaunar irin waɗancan maza masu rinjaye.",Yes
This is why women need to get out of business. They are dumb!!!!!!!!!!!!!!!!,Shiyasa mata yake da kyau su fita daga kasuwanci. Saboda su wawaye ne.,Yes
,"YAN AREWA MU FARGA

Na samu labari cewa Aisha Yesufu matar da take guyon bayan auren jinsi da Sowore mai jaridar Sahara RePositiverters jaridar da ta yiwa Manzon Rahama (SAW) baatanci suna shirin daukar nauyin zanga-zanga da zai mamaye jihohin Arewa

Ya kamata duk wani 'dan Arewa Musulmi ya nesanta kansa da Aisha Yesufu da kuma Sowore, kar a matsa kusa da su, kar a zauna inuwa daya da su

Zanga-zangar da suke son jagoranta tana da manufa, kowa ya ga abinda suka aikata lokacin da suka jagoranci zanga-zangar ENDSARS

'Yan Arewa masu ganin cewa zanga-zanga mafita ce garesu, to ya kamata su samu wasu jagora mutanen kirki 'yan Arewa wadanda zasu jagoranta, amma ba wadannan mutane ba

Mu yawaita tuba, mu koma ga Allah, sannan mu dage da addu'ah, Allah Zai kawo mana agaji da taimako ta yadda bamuyi tsammani ba

Muna rokon Allah Ya bamu mafita na alheri",No
All women benefit from the actions of violent men.,Dukkan mata suna amfana daga ayyukan maza masu rikici.,Yes
,"YANZU-YANZU: Shahararriyar Jarumar Finafinan Kudancin Nijeriya, Ada Ameh Ta Mutu Bayan Ta Sha Fama Da Lalurar Taɓin Hankali.",No
"Dont be surprise, majority of women now days are not fully committed to relationships. Go with the flow, hit it and quit it.","Kada ka yi mamaki yawancin mata a zamanin yau ba sa shiga dangantaka da cikakken sadaukarwa. Ka bi yadda al’amura ke tafiya, ka guji ɗaure kanka da abin da ba tabbatacce ba.",Yes
Every woman is a whore when you are an incel.,Dukkan mata karuwai ne in dai har kai ɗan iska ne,Yes
,"AMINA ISYAKU: Manyan Mabiya Shafin RARIYA (Top Fan)

Amina Isyaku ta kasance daya daga cikin masu bibiyar shafin RARIYA sau da kafa, inda take yawan tofa albarkacin bakinta kan duk wani labari da za mu dora ba dare ba rana.

Hakan ne ya sa a wannan karo muka zakulo ta domin jinjina mata a bisa kasancewar da take tare da mu a koda yaushe. 

Malama Amina ta kuma yi amfani da wannan dama wajen kira ga 'yan Nijeriya da su yi wa kasa addu'ar samun zaman lafiya da kuma fatan samun shugaba nagari a yayin zabe mai zuwa (2023).

SANARWA: Masu karatu kada ku manta za mu cigaba da zakulo mabiyanmu daya bayan daya domin jinjina musu.",No
"Once men are completely cucked and women rule the world, they will literally rewrite history and we will all be living in sewers","Lokacin da maza suka zama wawaye mata suke mulkan duniya, zasu canja yanayin duniya a fara rayuwa a cikin kwatami.",Yes
,"LABARI | Matasan Harisawa na Harkar Musulunci a Nigeriya sun Ziyarci Makwancin Shahidai na Darur Rahma Dake Dambo, Zariya.

Matasan 'Yan Jaishi Amirul Muminin (AS) yankin Jaji unit, sun gudanar da Ziyarar ne a Jiya Juma'a 15 ga watan 7, 2022. A karkasin wasu Wakilan Na Harisawa, Inda a karshe suka Gabatar da Addu'o'i na musamman ga Ruhin Gwarazan Shahidan, Suka Sallami kowa. 

#Da'irar Zaria Media Forum
16-07-2022",No
I wish this cunt would just go back in the hole they found her in.,Ina fatan wannan karuwar zata koma ramin da aka fito da ita daga ciki.,Yes
,"LABARI CIKIN HOTUNA:

Ƙungiyar ci gaban Wushishi ta karrama sabon shugaban kwalejin kimiyya da fasaha ta Niger Positively Zungeru Dr. Ibrahim Umar Kontagora, taron karramawar wanda ya gudana a babban ɗakin taro na MDG's Dake garin na Wushishi a ranar asabar ɗin wannan makon, ya samu halarta manya mutane daga ciki da wajen Jihar ta Neja, da suka haɗa da shugaban hukumar zana jarabawa ta NECO na ƙasa.",No
"Is this the scarcity mindset. Your heart is wrapped up over a girl you're not even dating, so yes, that's a scarcity mindset. If you want to date her, quit pussyfooting around and ask her out. Otherwise, move on with your life and meet other girls.","Shin wannan ba tunanin ƙaranci ba ne? Zuciyarka ta maida hankali sosai kan wata yarinya da ba ku ma fara soyayya ba — hakan tabbas yana nuna tunanin ƙaranci. Idan kana son fita da ita, ka daina yawan jinkiri, ka nemi ganawa da ita a fili. Idan ba haka ba, ci gaba da rayuwarka ka haɗu da wasu mata.",Yes
"Like when a woman tests a mans loyalty, like she will say something or be a total bitch to see if you’ll be a man or puss out","Misali, lokacin da mace ke gwada amincin namiji — tana iya faɗin wani abu ko ta nuna ɗabi’a mai tsauri domin ta ga ko zai nuna ƙarfin hali ko kuma ya kasa jurewa.",Yes
"Yes. The Glorious Waifu Age is approaching. With advances in artificial intelligence, sex robots, and artificial wombs, women will become obsolete!","Lallai, Zamanin “Waifu” mai daraja yana ƙaratowa. Tare da ci gaban da ake samu a fannin basirar wucin gadi, robot na jima'i, da mahaifa na roba, ana ganin cewa mata za su zama abin da tarihin ya wuce!",Yes
Long term thinking is man's job.,Tunani mai tsayi aikin namiji ne.,Yes
The real competition should be with the out group. But men become such in-group traitors when women get involved This is why muslims forbid women from meddling in the affairs of men. We need to teach western children about these basic truths,Gaskiyar gasa ya kamata da wasu jama'a na daban. Amma wasu maza na zama marasa amana ga jama'arsu idan mata suka shiga tsakanin. Wannan shi ne dalilin da ya sa Musulmai ke hana mata tsoma baki a harkokin maza. Ya dace a koyar da yara a ƙasashen Yamma irin waɗannan muhimman gaskiya.,Yes
,"Innalillahi wa'inna ilaihirraji un a yau muke samun wani mummunan labari tare da video na wani mutum da yake lalata da mahaukaciya bayan ya gama ya fiddo kayan tsafinsa na yin kudi wannan abu yayi muni da yawa hard yakai bai cancanta a yada shi ba amma dolr ne saboda irin wadannan mutane suna nan DA yawa kuma suna cikin wanda suke hana duniya zaman lafiya domin Allah bazai kyale wannan ba muna kira da gwamnati da su dauki mataki akan irin wannan mutane. 

Kalli video nan.",No
If fat acceptance worked both ways with both sexes then great....but it's always a pic of a fat woman being lusted over by a fit guy.,"Da ace karɓar kiba yana aiki ga duka jinsi biyu daidai, da hakan yana da kyau. Amma yawanci hoton da ake nunawa shi ne na mace mai kiba ana ƙaunarta daga namiji mai ƙoshin lafiya da ƙarfi.",Yes
"because she puts a rapist above her own standards (feminism)... She is a truly cucked feminist that allows her indignation against purity and decency to rise above any for of logic. -Altho come to think of it, is there any other type of feminist?",Saboda ta fifita kare wani da ake tuhuma da fyaɗe sama da tsayawa kan ƙa'idodin  aƙidar mata ke da'awa. Hakan ya nuna cewa ita marar nutsuwa saboda tana aje kamun kai da mutunci idan ya haɗu da son zuciyar ta. Wannan yana sa ayar tambaya: irin waɗannan sabani na faruwa a yawancin ƙungiyoyin mata na zamani?,Yes
Please she is horrible and a woman. No woman has the capacity to understand our struggles it is just not the same for them. The fact the she is still allowed here is shocking.,"Don Allah, ba ta da ƙima a wannan mahalli kuma mace ce. Mata ba su da cikakken ikon fahimtar irin ƙalubalen da maza ke fuskanta; abubuwa sun bambanta a gare su. Abin mamaki ne cewa har yanzu ana barinta cikin wannan tattaunawa.",Yes
,"#Wani labari danake samu ta karkashin kasa akan Kano pillars abun Babu dadi

Amma dai ku jirani domin Baku labarin daga majiya Mai tushe.

Amma gaskiya..... Sai dai hakuri kawai",No
It's our life force and they need it - we don't need them. That's the mantra I'm trying to brand onto my brain regarding my approach with women.,"Rayuwarmu ce tushen ƙarfinsu su na buƙatar mu, amma mu ba lallai ne mu buƙace su ba. Wannan shi ne tsarin tunani da nake ƙoƙarin gina a zuciyata dangane da yadda zan mu'amala da mata.",Yes
We HAVE to let women have the right to vote. It's only fair ... to let them vote on what they're cooking for dinner!!!!,Dole mu bayar da dama wa mata suyi zaɓe. Hakan adalci ne.. a bar su su zaɓi abinda zasu dafa ma dare.,Yes
Women have had 100 years of the voting franchise without the responsibility of being drafted to fight the wars caused by the policies they vote in. Authority without responsibility is dictatorship.,"Mata sun samu damar kada ƙuri'a fiye da shekaru 100 ba tare da wajibcin shiga rundunar yaki ba, duk da cewa su ma suna da tasiri wajen zaɓar manufofin da ke janyo yaƙe-yaƙe. Iko ba tare da alhaki ba, wata hanya ce ta nuna mulkin kama-karya.",Yes
,"SABUWAR DOKA A JIHAR KANO.

Gwamnatin Kano ta haramta tuƙa Baburin Adaidaita Sahu daga ƙarfe Goman Dare zuwa Shida na safiya....

Hakan na da alaƙa da lamarin tsaro, kamar yadda Kwamishinan Yaɗa Labarai Malam Muhammad Garba ya sanar da manema labarai.

– Rabiu Biyora",No
"WOMEN 2 DAY don't know wat a lady is,they all dress an act like sluts,","Matan yanzu basu san menene darajar mace ba, suna shiga sai kace karuwai.",Yes
Take a cab home? Bitch you take a fucking cab home. Who the fuck are you? You were acting like a jackass in front of everyone and you embarrassed me because YOU'RE my wife. Own up to your actions you cock whore.,Ki tsare tasi ki tafi gida? Ke ki tsare tasi ki tafi gida. ke wacece ne kam? Kinzo kina ɗabi'u marasa kyau a gaban kowa kuma kin zubar min da mutunci do ke matata ce. ki san me kike yi wawiya kawai.,Yes
but that's a sport with women in it so it objectively doesn't matter!,"Amma wannan wasa ne da mata ke taka rawa a cikinsa, don haka a zahiri ba shi da wani bambanci!",Yes
This woman needs a rope around her neck,Wannan matar tana buƙatar a rataye ta.,Yes
"all women despise ugly men, who would've thought","Dukkan mata basu son mummunan namiji, waye zai yi tunanin haka",Yes
My wife is a slut. But I don't mind.,Matata karuwa ce. Amma ban damu ba.,Yes
First tell as many female staff as possible so they can gossip. Keep record then report to higher level authority,"Da farko, ka sanar da yawan ma'aikatan mata yadda zai yiwu domin su yi ta yawo da labari. Ka riƙa adana bayanai sannan ka kai rahoto ga manyan jami'ai.",Yes
,"MATSALAR TSEKO KAN BATUN BIYAN ALBASHI YAZO KARSHE A JIHAR BAUCHI.

Gwamnati jihar Bauchi ta baiwa Dukkanin maaikatu Yancin biyan Albashi da Kansu Domin tabbatar da cewa ba'a Kara Jin korafin maakaci ko guda Daya ba Kan wannan Batu. A wani taron Kara ma juna Sani dake gudana a Dakin taro na Zaranda Hotel Bauchi. Yanzu haka -;

Shugaban maaikata Gwamnatin jihar Bauchi .Alh Yahuza Adamu Haruna A hiran sa da kafar labari Daga Bauchi ya sheda mana cewa sun Kira taron masu ruwa da tsaki Kan sha'anin Albashi a jihar Bauchi.Yanda aka Umarci Ko wacce ma'aikata a jihar Bauchi take biyan Albashi ma'aikatan ta da kanta . Wanda hakan zai kawo karshen matsalar Wanda mutum in Yana da matsala zai yi bayani ne a wajen Aikin sa Kuma take a tantance matsalar a Kuma biya Shi nan take .

Shugaban ma'aikatan Yace Mai girma Gwamnan ya dauki wannan matakin ne Domin dagile Dukkanin korafi da toshe kafar cutar da kowa ko Kuma rike Albashin kowa . Shugaban ma'aikatan Yace sun Gamsu da wannan tsari da Mai girma Gwamnan jihar Sanata Bala Abdulkadir Muhammad Yayi .",No
Accountability is Women's kryptonite. I have seen it over and over and over. They will never sincerely apologize or admit fault. She is not sorry that she cheated... She is sorry that she got caught.,"Ƙin ɗaukar alhaki kamar wani rauni ne ga wasu mata. Na sha ganin hakan akai-akai. Sau da dama ba sa yin tuburan gafara ko amincewa da laifi da gaske. Ba don ta yi nadama ba ce saboda ta ci amanarka, sai dai saboda an kama ta ne.",Yes
This book is a brutally eye-opening explanation of gender dynamics and the power which women have over men. It explains the hard-wired behaviours women use to control the men around them. Red-pill reading. [URL],"Wannan littafi yana bayani mai ƙarfi kuma mai buɗe ido dangane da mu'amalar jinsi da ikon da mata ke da shi a kan maza. Yana bayyana halayen da aka gina a cikin dabi'ar mata, waɗanda suke amfani da su don sarrafa maza a kusa da su. Wannan karatu ne da ake dangantawa da ra'ayin Red Pill. [URL]",Yes
"oh yah, a whole group of nawalts are going to band together and fight on the behalf of men, and go against their own female interests.","Eh lallai, wata ƙungiya ta mata “masu banbanci” za su haɗu domin su tsaya tsayin daka wajen kare maza, su kuma yi watsi da muradunsu na mata.",Yes
,"LABARI DA DUMI-DUMINSA: Kotu Shari'ar Musulunci a Kano, ta Yanke Shari'ar Wanda yayi sanadin rasa hannun wani matashi inda zai biya Diyyar Kimanin Kudi Naira Miliyan Hamsin Da Biyu da Dubu Dari Tara da Dubu Hudu(# 52,904,000) Dakuma Yimasa Bulala Ashirin(20).

Tayi Hukuncin Wanda Yayi Sanadiyar Cirewa Salisu Attacker, Hannu A Unguwar Fagge.

A Yau Babbar Kotun Shari'ar Musulinci Dake Zamanta A Unguwar PRP Kwanar jaba, Dake Karamar Nassarawa, Ta Yankewa Abubakar Ayuba, Wanda Yayi Sanadiyar Rasa Hannun Salisu Attacker, Yayinda kotun Ta Yanke Masa Hukuncin Zaman Gidan Gyaran Hali Na Tsohon Wata Shida (6) Tare da Biyan Diyyar Hannun Bisa Shari'ar Musulinci

Yayin Da Zai Biya Diyyar Hannun Kimanin Kudi Naira Miliyan Hamsin Da Biyu da Dubu Dari Tara da Dubu Hudu(# 52,904,000) Dakuma Yimasa Bulala Ashirin(20).

Daga sani Albarka Fagge

© Vanguard Hausa",No
"Lol she is stupid that's for sure, he doesn't like you for your intelligence sweaty so you don't have to worry about him """"finding"""" out. (he already knows)","Hahaha, ba shakka tana da ƙarancin fahimta. Bai damu da hankalinki ba, ƙaramar baiwar nan, don haka ba sai kin damu cewa zai “gano” hakan ba — tuni ya riga ya sani.",Yes
Women live their entire lives being completely excused for negligence (abortion anyone) and of course much much worse. Just another aspect of female entitlement.,"A wasu lokuta, ana ganin mata suna rayuwa ne cikin rangwame ko gafara dangane da wasu nau’o’in sakaci (kamar batun zubar da ciki) da ma wasu abubuwa masu nauyi. Wannan wani ɓangare ne da wasu ke ganin yana nuna fifikon da ake bai wa mata.",Yes
I don't love weak women either. All women are the same: parasites,Ban son mata masu rauni. Dukkan mata ɗaya suke: Masu amfana a jikin wasu.,Yes
,"LABARI CIKIN HOTUNA: Hotunan Ɗalibin Kwalejin Ilimi Ta Tarayya Da Ke Katsina Da 'Yan Bindiga Suka K@she A Yawon Sallah

Daga Zaharaddeen Gandu

Daga cikin waɗanda 'yan bindiga-daɗi suka kai wa farmaki a yayin dawowa daga yawon Sallah a cikin birnin Katsina, hada ɗalibin Kwalejin Ilimi Ta Tarayya da ke Katsina (FCE Katsina), ɗalibin mai suna Anass Adamu shi ne wanda ya rasa r@nsa yayin gudun tsira daga wajen 'yan bindiga-daɗi a hanyarsu ta komawa Ƙaramar Hukumar Jibia.

Ɗalibin mai suna Anass Adamu ya kammala karatunsa wanda yake a sashen SOS a lambar karatu ta (41Series), wanda har yanzu ba ma a fara ba 'yan lambar karatunsu result ba, ɗalibin dai yana zaune tare da mahaifansa a Ƙaramar Hukumar Jibia ta jihar Katsina.",No
"Before civilization, women needed tall strong men to survive. This sexual selection is so ingrained that it still persists to this day.","Kafin samuwar al’umma ta zamani, mata na buƙatar maza masu tsawo da ƙarfi domin rayuwa da tsira. Wannan tsarin zaɓin jima'i ya zurfafa sosai a cikin halayensu har yanzu yana ci gaba da bayyana a zamanin yau.",Yes
Thank you for all the women who are still sensible.,Na gode da dukkan matan da har yanzu suke da hankali da tunani mai kyau.,Yes
Rather have a hot blonde trap than a ugly ting tong face woman.,Yafi ka samu wata mace kyakkyawa ta maka tarko sama da wata mummunan mai fuskar ting tong.,Yes
,"News# Labari mai zafi: An kwantar da Osinbajo a asibiti, Likitoci na shirin yi masa aiki

- Farfesa Yemi Osinbajo ya na gadon asibiti a halin yanzu, za ayi masa aiki a kafansa

- A shafin Twitter, Mataimakin shugaban kasar ya bada sanarwar an kwantar da shi

- Yemi Osinbajo yana zargin wajen buga wasan 'Squash' ne ya samu larura a kafarsa

Abuja - Mai girma mataimakin shugaban kasa, Farfesa Yemi Osinbajo yana kwance a asibiti, ana sa ran cewa za ayi masa aiki.

Rubuta MBW don samun labaran Hausa, wasu Karin labaran na jiranku.",No
,"ALHAJI DA MAROƘI

Kakana ke ba ni wannan labari.

Wai a wani gari aka yi wani ja'irin maroƙi, wanda kowa ke shayi saboda shaƙiyancinsa. A duk lokacin da maroƙin nan ya sallama wa mutum, to ƙoƙari yake ya samu 'yan sulalla ko rigar da ya ba shi domin su rabu salin alin. 

Ran nan sai maroƙin nan ya kai raraka gidan wani Alhaji, wai shi Alhaji Sule, yana neman sadakar riga. To kowa a garin ya san hannun Alhaji bai saba da miƙawa ba, sai dai karɓa. Alhaji Sule ya yi 'yan dabarunsu na marowata, ya hana maroƙi riga. Ashe maroƙi ya ji haushi, ya lashi takobin shirya wa Alhaji lalata. Ya samu wasu yara ya ba su 'yan kwabbai, ya tsara musu abin da yake so su yi.

To ɗabi'ar Alhaji ita ce kullum da yamma, sai ya fito ƙofar gida, ya harɗe bisa wundi ya kunna lofe, yana tunanin yadda taro zai koma sisi. Ran nan yana kishingiɗe a kan wundi, kamar yadda ya saba, sai ga yara biyu. Da zuwa gaban Alhaji, sai suka sarƙe da faɗa. Maroƙi da ke maƙe yana kallo, ya yi but ya fito da gudu, ya nufo yara yana musu tsawa, ""kai, kai, kai! Wane irin rashin hankali ne kuke faɗa gaban mutane, har kuke neman taka musu shimfiɗa? Ka ga lalatattu! Me ya haɗa ku faɗa?""

Yaro ɗaya ya ce, ""sulena ya ɓatar.""

Maroƙi ya ce, ""yanzu saboda sule kuke wannan faɗa? Sulen banza sulen wofi! Me aka yi aka yi sule! Da ku da sulen jakar ubanku! Allah ya tsine wa sule albarka!""

Da Alhaji ya ji cin fuskar ya yi yawa, sai ya tattara 'yar tabarmarsa, yayin da zai shige gida ya dubi maroƙi ya ce, ""riga dai ce an hana ka! Zagin da ka yi mini kuma Allah ya isa!""

Karen bana, maganin zomon bana. Rowa ba ta da amfani!

Bukar Mada
11/07/2022",No
"If women can think the air conditioning can oppress them, there is no limit to the shit they will make up.","Idan mata na iya ganin cewa na'urar sanyaya iska na zaluntar su, to babu iyaka ga irin ƙaryar da za su ƙirƙira.",Yes
Lmao even if you were still fat and lacking style you'd still have more success than an incel could ever dream of simply because you are a woman,"Duk da cewa har yanzu kkna da ƙiba kuma ba ki da salo, har yanzu za ki sami nasara fiye da abin da wani marar sa’a zai taɓa mafarkin samu, kawai saboda ke mace ce.",Yes
"Except for the fact that women of all heights should never weigh over 135 pounds, you stupid fat cunt. FAT WOMEN ARE REPULSIVE. LOSE SOME WEIGHT YOU FUCKING COW.","Sai dai cewa, mata duk tsayinsu ya kamata kada su wuce 135 pounds ba. Ke ƙatuwa, mata masu ƙiba ba a son su, ki rage ƙiba saniya kawai.",Yes
"Females can't be incel. The quick spreading of your legs should suffice. But if you're going to have unbelievably high standards, like going after chad like all females do, then good luck.",Mata ba zasu zama wanda ba a so ba. Kawai buɗe ƙafa ma ya isa. Amma idan zaɓin babba ne irin mutanen Chad to Allah ya bada saa,Yes
,"YANZU-YANZU: Ademola Adeleke na jam'iyyar PDP ne ya lashe zaɓen gwamnan Jihar Osun da ke kudu maso yammacin Najeriya, kamar yadda hukumar zaɓe ta INEC ta bayyana.

PDP ta samu kuri'a 403,371, yayin da Gwamna Adegboyega Oyetola na APC ya samu 375, 027.

Shin kuna ganin jam'iyyar APC zata kai labari a zaɓen 2023 kuwa ?",No
This woman has more balls than most people. Respect. [URL],Wannan matan tana da jarunta sama da wasu mutane. Girmamawa. [URL],Yes
She should just choke herself. I'd watch that for a dollar!,"Kawai ta shaƙe kan ta, zan biya dala ɗaya na kalli hakan!",Yes
It's sexist to not let transgendereds split the skulls of women open in sports.,Rashin daidaiton jinsi a ƙi barin wanda suka canja jinsi su raba kan mata zuwa biyu a wasa.,Yes
No frantic women! No matter what you do it will not cause more trouble pain and anxiety Then a frantic woman.,"Kada ka yi mu’amala da mata masu damuwa sosai! Ko da me ka yi, ba zai haifar da ƙarin matsala, ciwo, da damuwa ba kamar mace mai tashin hankali ba.",Yes
,Rundunar 'Yan Sandan Jihar Kano tace bata da Masaniya kan Haramcin Dokar hana Tukin Baburan Adai-Adaita sahu a jihar Daga Karfe 10 na Dare.,No
Workplace is a hotbed for cheating by women.,Wajen aiki waje ne na cin amana ga mata.,Yes
,"Ku rubuta Ku Ajiye Jam Iyyar PDP Bazata Kai Labari a Zaben 2023 ba.

Ya kamata Masoyan Atiku Ku Farka Daga Wannan Mummunan Mafarkin da Kuke.

Atiku ya Dade Yana Yakar Kwankwaso Domin Tun kan Subar jam Iyyar APC Lokacin da Kwankwaso ya Fara Samun Matsala da Ganduje Atiku Yana Daga Cikin Wadanda Suka Dinga Tinzura Ganduje Akan ya Rabu da Kwankwaso.

A Wannan Lokacin Atiku bai Fara Tunanin barin APC ba Wlh Wlh Yasha Shayin Zuwa Jihar Kano yana Kokarin Ganin Sulhun Kwankwaso da Ganduje Bai yuwu ba shi Atunaninsa Idan Zai Kara tsaya Takara a Jam Iyyar APC Ganduje ya bashi Delegate din Kano Duk da Irin Kokarin da Gwamnan jigawa badaru ya Dinga Wajen Ganin Anyi Sulhun.

Amma Kwankwaso Bai Taba yimai Katsalanda a Jihar Adamawa ba.

Don haka Takara Babu Fashi Kwankwaso yananan Zaiyi Takara Maganar Kwankwaso ya Marawa Atiku baya Wannan Batawa Kanku Lokaci Kuke.

Kuma Wai Idan Atiku yanaso Kwankwaso ya maramai baya Kwankwaso ne ya kamata yaje Gun Atiku ko Atiku ne ya kamata yaje yanemi Goyan Bayan Kwankwaso?

Ai Duk Mai Bukata Shiyake Zuwa ya nemi a Goyamai baya Amma masoyan Atiku su nasu Tunanin kawai Kwankwaso ya Tashi yaje Gun Atiku yace nazo na Marama baya Sabida tsabar rashin Lissafin Siyasa.

Kullum jam Iyyar APC tun tubar Kwankwaso take ta Karkashin kasa Don haka da Kwankwaso Bazai Takara ba To Tinubu Zai Marawa baya Amma Yanzu Babu Wannan Maganar.

Daga Nura Isa Baba",No
Part of the reason low income women have so many kids they can't support is because they get more in benefits depending on how many kids they have. The single motherhood rate before the great society programs was a fraction of what it is today.,"Wani ɓangare na dalilin da ya sa mata masu ƙaramin kuɗi ke haifar da yawan yara da ba za su iya kula da su ba shi ne saboda suna samun ƙarin tallafi gwargwadon yawan yaran da suke da su. Adadin mata masu zama uwa ɗaya kafin shirin ""Great Society"" ya kasance ƙasa sosai idan aka kwatanta da yadda yake a yau.",Yes
Countries with women in charge will always fail.,Ƙasashen da mata ke shugaban ta dole ba zasu yi Nasara ba.,Yes
In the eyes of women ignoreing them means treating them bad....,"A wajen mace, idan ka share ta, to ka wulaƙanta ta ne.",Yes
"because you're trying to be nice jokes aside,they're insecure thats why they're trying to be rude,showing that they can reject anyone,just like attractive girls","Saboda kana ƙoƙarin nuna kirki ne, barkwanci ya tsaya a gefe; su kuwa suna da rashin ƙwarin gwiwa, shi ya sa suke ƙoƙarin nuna rashin ladabi, suna nuna cewa za su iya ƙin kowa, kamar yadda 'yan mata masu kyau suke yi.",Yes
,"Kun san abin da yake bata zamantakwa musamman na AURE ko soyayyar aure a wannan rayuwa YANZU?
🤔🤔🤔
Na farko shi ne, rashin son KARBAR gaskiya idan kayi laifi.(MATA sun fi yawa yin hakanan) Idan aka fadi suce an tsane su. 
Wata ma har ta zage ka wai kaci mata mutunci.

Dalili na biyu shi ne, Mutane da yawa sun kan zauna a ANKARE don kare kai (idan an fadi laifin su)
Mussaman MACE)
Tare da yin DOGON FUSHI idan an dago laifin ta...wai ita bata laifi sai HANKURI, domin ita UWA ce.
Ko a uwa, ai ana son mai gaskiya.

Dalili na uku shi ne, AIKATA laifi ba tare da NADAMA ba.
Shi ma mata akwai su da wannan.
A aure ki, miji ya baki muhalli naki, a yi maki hidima na rayuwa,kuma miji yayi fafitikar neman kudi tafiyar maki da sha'anin rayuwa da bukatu, da Allah Ya Ce yayi maki, amma sai ke mace, kice ba wani abu bane wadannan. Kuma in kin bata mashi rai ki ce 'wannan matsalar shi ne'

Wannan halaye suna sa mace ta shiga UKU a halin zamantakewa.
...domin ALLAH YANA KALLON TA, DA ZUCIYAR TA mussaman.",No
"That's the common mistake men do. I saw many of my friends falling to the same life, even those that kept being in a relationship are miserable with a fat wife they are not attracted to because she's fatter than he is.","Wannan kuskuren gama gari ne da maza ke yi. Na ga da yawa daga cikin abokaina suna fada cikin irin wannan rayuwa, har ma waɗanda suke cikin alaƙa suna cikin baƙin ciki saboda matar su mai ƙiba ce kuma ba su da sha’awa a kanta saboda ta fi su ƙiba.",Yes
,"Yadda Tasirin Shafukan Sada Zumunta Ya Sauya Rayuwar Musa

Daga Ahmad A. Umar

Gwamnan Jihar Borno, Babagana Umara Zulum ya sa an fitar da kuɗi har kimanin Naira miliyan 5 a matsayin tallafin karatu ga wani yaro ɗan kimanin shekara 13 da ya kwafi gadar sama da ke cikin birnin Maiduguri fadar jihar Borno. 

An gabatar da cekin kuɗin da gwamnan ya amince da shi ga wata makaranta mai zaman kan ta domin bayar da tallafin karatun ga Musa Sani, wani yaro ɗan jihar ta Borno mai shekaru 13 da haihuwa wanda ya yi amfani da taɓo wajen kwaikwayar gada ta farko da Gwamnatin jihar ta yi a shatatalen Custom Roundabout a birnin Maiduguri.

An dai biya waɗannan makuɗan kuɗaɗen ne ga makarantar 'Golden Olive Academy' da ke cikin Maiduguri, domin ɗaukar nauyin karatun Musa tun daga matakin aji 4 na furamare da ya ke a yanzu har zuwa kammala babbar makarantar Sakandare.

Musa wadda ɗan unguwar Gwange ne da ke cikin garin Maiduguri, iyayen sa masu ƙaramin ƙarfi ne da ke rayuwa ta ba yabo ba fallasa. 

Ya fara makarantar furamaren sa ne a wata makarantar al'umma ta Gwange, in da har ya kai aji 3 kamin Hukumar Gudanarwar kamfanin gine-gine na Ronches su ɗauki nauyin karatun sa a watannin baya ta hanyar mayar da shi makarantar kuɗi da ya ke a yanzu, biyo bayan yaduwar hotunan sa a shafukan Sada Zumunta na zamani. 

Musa dai ya ɗauki hankalin Gwamna Zulum ne bayan da ya yi amfani da taɓo wajen ƙera irin gadar sama da gwamnatin Zulum ɗin ta gina a Maiduguri wadda Shugaba Muhammadu Buhari ya ƙaddamar a Maiduguri, a watan Disambar 2021.

Gwamna Zulum wadda ya yi matuƙar mamakin hazaƙar yaron, ya haɗu da iyayen shi, hakan kuma ya ba shi damar ba shi tallafin karatu don ƙarfafa shi ya bunkasa basirar sa.

Gwamnan dai ya umarci Asusun Tallafawa Ilimi na Jihar Borno (ETF) da aiwatar da wannan aiki na ɗaukar nauyin karatun yaro Musa.

Shugabar Hukumar ETF Farfesa Hauwa Biu, ta gabatar da cekin Naira Miliyan Biyar da Dubu Ashirin da Tara (N5,029,000) na kuɗin da aka biya ɗin ga makaranta mai zaman kan ta da Musa ke karatu a yanzu haka.

Farfesa Biu, ta godewa Gwamna Zulum bisa wannan ƙoƙari, sannan ta buƙaci yaron da ya maida hankali kan karatun sa, domin ya zama abun alfahari ga al'ummar jihar Borno da ma gwamnan.

Idan za a tuna dai, labari da hotunan gadar da Musa ya kwaikwaya ta fara bayyane a watannin baya a cikin wannan shekara ta 2022 a sahar Facebook wadda shafukan jaridun yanar gizo suka fara yaɗawa. Kuma bayan da ya ƙera ta a gidan su, mahaifiyar sa ta rushe ta a dalilin cika mata gida da cincirindon yara su ke yi don kallo. Kamin daga bisani kamfanin da ya gina ainahin gadar da Musa ya kwaikwaya, wato Ronches Construction Company LTD ya ga wannan bajinta ta sa, ya kuma karrama shi tare da ɗaukar nauyin karatun na shi.",No
Why are you basing your happiness on the quality of women? Want rational discourse? Get some male friends.,"Me ya sa kake danganta farin cikin ka da ingancin mata? Idan kana son tattaunawa mai ma’ana, samu abokan maza.",Yes
say 'thanks. and you're special too. not a slut like most women' then get annoyed when they don't appreciate the 'compliment',"Kace ka gode kema kin zama mai daraja. ba kaman sauran karuwai ba, wanda suke yin fushi idan ba a gwada an ji daɗi da yabo ba.",Yes
,"NEMAN ADDU'AH

Wannan dan uwana ne na jini, Lauya ne, ya hadu da jinya mai tsanani sai dai a kwantar a tayar, jinyar tana da alaka da sihiri, ana ta fama da magani amma abin ya gagara

Muna rokon 'yan uwa ku taimaka masa da addu'ah",No
"After it betrayed you in such a way would you invite it back into your home? I can just imagine all the emotional bs, that the women would be carrying on with to get back into the good graces of the poor victim male.","Bayan ta yi maka irin wannan rashin amana, za ka sake gayyatar ta gida? Ina iya tunanin dukkan matsalolin motsin rai da za ta ci gaba da yi don ta samu damar komawa cikin kyakkyawan hali ga wannan namijin da abin ya same shi.",Yes
"The whore vision girl, and the photographic whore memory morty. I like it.","Karuwa mai hangen nesa, da karuwa mai ƙarfin ƙwaƙwalwa. ina son haka",Yes
Air Force Special Operations Command will soon have its first female air commando brigadier general She might be too old to get pregnant in order to avoid deployment [URL] [USER]‍ [USER]‍ [USER] [USER]‍,Rundunar Ayyukan Musamman ta Sojojin Sama za ta samu mace ta farko da za ta zama janar mai tauraro ɗaya a matsayin air commando. Wata kila tana da shekaru da yawa har ba za ta iya ɗaukar ciki ba domin guje wa tura ta filin aiki.,No
"aww you could have pumped and dumped her. at least you took the 2nd best option, anything but betabucks","aww dama ka kwanta da ita je sai ka rabu da ita. ko bakomai kai ne zaɓi na biyu, kayi komai amma ban da 'yan matan yanzu.",Yes
"I mean my mother hasn't cucked my dad yet....... My belief is that sheltered girls aren't that cruel. However, social media whores are the problem. If you are sub8 tho...... it's over both ways.",Ina nufin har yau mama na bata raina baba na ba.. abinda nayi imani da shi shine matan da ba azzalumai bane. Kawai wannan 'yan yanar gizo ne matsalan.,Yes
,"A yadda sakamokon zabe ke fitowa daga Jihar Osun state, hakan ya nuna gaskiya talakawa sun fara juyawa APC baya.
Ba wani abu bane ya jawa APC bakin jini illa yadda suka bawa talakawan Nijeriya mamaki. Ba wanda ya taba tunani APC bazata kawo gyara akan barnar da PDP sukayi a kasan nan. Amma abin mamaki sai gashi kusan tafiyarsu daya da PDP.",No
[USER] Don't be embarrassed. They aren't women. They're freaks.,Kar kaji kunya. Su ba mata bane. abin tsoro ne.,Yes
"women are really good at fucking up at killing themselves, it's almost like they never wanted to actually kill themselves but instead just wanted attention like the whores they are","Mata suna da ƙwarin gwiwa wajen kashe kan su, kaman ba wai sun yi asalin son kashe kan su bane sai dai sun so jan hankali ne kaman karuwan da suke.",Yes
,Akwai wani hadi na mussaman da zanyi me suna ma'ul niima wannan hadi anayinsa na mutane uku ne kachal 🥰name rabone wannan hadin tafi bom aiki Dan duk macen da Tasha hmmm ogafa ze rikice Ina nufin ze rikice Dan Yana karawa mace extra dadine wand ita kanta zata Kara son kanta da wlhi ze Kara Miki daukaka da daraja sannan Zaki fita zarra cikin,No
,"Kutumar bura uba ☺😎😢😂😂😂
Wai Al amin zaa 😀😀
Yaudara 😂😂😀😀
😄😄😀😀",No
The women that Roe vrs Wade would affect should die anyway. Fucking baby killers.,Matar da ta Roe vrs Wade zai shafi yadda zata mutu. Matsiyata masu kashe yara.,Yes
"Just keep practicing, is you get as good at it as she is, you can become a famous whore too!","Ci gaba da atisaye kawai, idan ka iya kamar yadda ita ma take iya, za ka iya zama shahararriyar karuwa ma!",Yes
"Speaking as a man, females under the age of 30 *always* repulsed me.","A matsayina na namiji, mata 'yan ƙasa da shekaru 30 kullun gudu na suke yi.",Yes
,Allahu Akbar! Allah Madaukakin Sarki yayi maku Rahma yasa Aljanna makoma a gareku da sauran Musulmi baki daya.Amin,No
"""""Men will never be women"""" well good, i would not like to be physically inferior, having to deal with the shitload of emotions they go through, and periods","""""Maza baza su taɓa kasancewa mata ba"""" haka ma yafi, ba zan so ace a zahiri ni ƙasƙantacce bane, ace dole sai nayi ta'amuli da damuwa da kuma haila",Yes
"True they do, do I need to be fit to get them? Also, how do you get pretty, slightly chubby women? I’m ok with them but I don’t know how to","Gaskiya ne, suna yin hakan. Amma dole ne in kasance mai kyan jiki kafin in samu su? Kuma, yaya ake samun mata masu kyau waɗanda suka ɗan yi ƙiba? Na yarda da irin su, amma ban san yadda ake samunsu ba.",Yes
,"Kabir Hassan yace...

""Bazan iya auren macen da tafini mulki ba.""",No
"I bet a doughnut, that she says James O'Keefe raped her.",Ina da tabbacin cewa za ta ce James O'Keefe ne ya yi mata fyade.,Yes
"They should be worried! I was able to fire two of my female staff and replace them with ONE MAN! And's he's getting 5x the amount of work done already, even being brand new! Why the fuck did I ever employ women before?! Never again.","Ya kamata su damu! Na iya kora mata biyu daga ma’aikatana na maye gurbinsu da namiji guda ɗaya! Kuma duk da cewa sabon ma’aikaci ne, yana yin aikin fiye da sau biyar na abin da suka iya yi! Me ya sa na taɓa ɗaukar mata aiki a baya? Ba zan sake yi ba.",Yes
,"Aslm plz malama a hidden I'd na, na rabu da mijina sanadiyan kishiya tace masa wannan tace masa wancan gidan mu ba daya ba dama kuma zai hadamu waje daya sai Allah baiyi ba na bar gidan kafin ya gama gefenta. Na tafi da karamin goyo a tare Dani, Amma yanzu shekaransa 1 kenan. Zaizo gidan mu yayi ta maganarsa ba zanyi hankali ba, ya kirani a waya yace yafiso in auri wani ko zanyi hankali a WhatsApp ma ban tsira ba in na saka sabon hotona zai bude ya gani ya fara cemin ban isa in tafi masa da yara gidan wani ba zai debi yaransa.na bashi kofa yazo ya debi yaransa Amma ya kasa saidai ya zo suyi hira da mamana ya tashi ya tafi ni kuma kullum ya takuramin bayaso ya gannin a cikin farin ciki, na barsa da amaryansa ni kuma yaqi ya barni da yar guntun rayuwata,ko pampers din yarone sai ya ga dama yake kawowa balle sauran bukataansu komai Allah na rufamin asiri ina musu daidai yadda zan iya. Ya hanani sakat plz hide my id",No
"She most likely just wanted *something* to bitch about wrt your fridge, so that was her response. Apples and string cheese are completely legit to have on hand","Mai yiwuwa kawai tana neman wani abu da za ta yi gunaguni a kai dangane da firij ɗinka, shi ya sa ta fadi hakan. Tuffa da cuku nau'in igiya abinci ne masu kyau kuma ya dace a ajiye su.",Yes
No poppy? You deserve an acid attack.,A'a Poppy kafi cancanci a kawo ma hari da acid.,Yes
girls were better at hiding it in the past because there wasn't any social media now it's all out there in open and rather than being subtle girls are encouraged to be entitled narcissistic users,"A da, mata suna iya ɓoye irin waɗannan halaye saboda babu kafafen sada zumunta; amma yanzu komai yana bayyana a fili. Maimakon su kasance masu hankali da dabara, yanzu ana ƙarfafa su su zama masu son kai da jin cewa komai ya wajaba a kansu, har ma da amfani da wasu don riba.",Yes
,Dan Allah wa zai koyamin 2 weeks order is urgent pls,No
"Turns out men are human too and suffer from hormonal influences also, like when a woman is fertile, she likes the """"rough"""" boy, when she's not, she prefers the more cuckish. Probably something to do with our testosterone cycles...","Ashe maza ma ‘yan Adam ne kuma su ma suna fama da tasirin sinadaran jiki, kamar yadda mata ke canza yanayi a lokacin da suke da haihuwa inda za su fi son samari masu amma idan ba su da haihuwa, za su fi karkata ga masu laushi da sauƙin hali. Wata kila hakan yana da alaƙa da yadda sinadarin testosterone ke sauyawa a jikinsu.",Yes
She doesn't believe in race she believes in geography. Women are idiots,"Ba ta yarda da bambancin jinsi, sai dai wuraren ƙasar da mutum ya fito. Mata ba sa ɗaukar irin waɗannan batutuwa da muhimmanci sosai.",Yes
Not mention man licensing. It would be irresponsible for us to let a man buy a woman without a proper license.,Kafin a ambaci lasisin namiji. Zai kasance rashin daraja ne a bar namiji ya sayi mace ba tare da lasisi ba.,Yes
,"Idan yaran nan ƴan 2000 su kai wani abu sai naji dariya ta kamani, amma da zarar manyan yaƴun su sun biye musu sai naji ɓacin rai da takai'ci!

Yaran da aka haifa 2000 sun fito suna rubuce, rubuce wai Jagaban, ku kuma kun biye su sabo da kawai dodo ɗaya kukewa tsafi daku da su. Yanzu har kun manta da cewa ba wasu shekaru aka samu masu tsayi da koyawa uban gidan ku siyasa anan tudu ba amma kuke biye ƴan haihuwar 2000 marasa bibiyar tarihi kuke batun wai Jagaban?

Har yanzu Malamin Malamin ku yana raye kuma yana gwagwarmayar siyasa kunga idan da wanda ya dace ku kira da Jagaban to Malamin, Malamin ku ne 🤣🤣🤣",No
If I wanted to listen to somebody bitch non stop like that I'd get a girlfriend,"Da naso na saurari wata karuwa ba tare da gajiyawa ba, da ina da budurwa.",Yes
,"Assalamualaikum, Malama Sannu da Kokari , don Allah wannan Tunatarwa ne Me Muhaimmanci game da Matan Zamani Akan Saduwa da Mazajen Su. Zakiga Mata dayawa A Yanzu bazasu Sadu da Mazansu ba Sai Sunga dama . Ko Suce Sun gaji ko kuma ma ace Kabari Sai gobe Ko idan Ka Nace Abaka Yi Ka tashi . A gaskiya Mata Su Sani Cewa wannan Yana Kawo Barazana Sosai ga Namiji . Idan Miji baida tsoron Allah nan Zai Auri ( Zina ) Ko ya fata tunanin biyan Bukatar A waje . Kuma Mata Su Sani Cewa Yanda Rayuwa Yayi tsada Yanzu Gami da hawa-Hawan Kayan Abinci , Maza suna Kokari , Kiga namiji Hurjan-Jan Ya fita domin nemo ma Iyalin abinci ta yadda Za'a Rayu Komai ba'a Rasa ba cikin Aminci , wasu Mazan Ma harda yin abunda ba Hurumin Su bane na Maganan Kyautata ma iyalan Su , Amma dare Yayi saikaji mace tace wai ita ta Gaji . Ko Kuma abari da safe ita da Daddare Bacci takeji . Saboda Allah idan Kai ba Mazinaci bane Yaya Zakayi ? Wasu Kanyi amfani da Sabulu ta yadda Zasuyi inzali Amma A'i Kinga duk dai Haramun ne . Don Allah irin wannan Matan su chanza tunanin Su duk da dai idan dadi wani lokaci Yayima mace Yawa haka suke Zama Wasu Amma akwai hakki domin hakan Zakiga namiji Ya Kasa bacci cikin tashin hankali Sukuwa Suyi baccin Su ko'a jikin Su bayan ance Mala'iku ma Suna fushi dasu akan Hakan . Du Allah Kiyi musu Gargadi domin Maza dayawa Suna fuskantar wannan Matsala , Wanda Allah Ya Kare Yacigaba da hakuri Wanda Shedan Ya Rinjaye kuma Yacigaba da Zina ita kuma macen ta kasance kullum cikin infection tunda ya fara Zina . Wani Lokacin idan Kacema Matar taka tazo Koda tace ta Gaji Zaka bata Kudi Saita taso da gudu tayi Maka yadda Kakeso Kaman wasu Karuwai Kuma ba Sabon Aure ba watakil harda Yara 😥 Allah dai Shi Kyauta . Hide My I.D Pls. Nagode .",No
Because women see people attempting to avoid mess ups as inferior /s,Domin wasu mata na kallon waɗanda ke ƙoƙarin guje wa wanda suka lalace a matsayin marasa ƙima.,Yes
,Meyasa yawancin Social with English Conversation baya lasting a Cikin Hausawa?,No
,"APC SAI AN SAKE ZAMA
GABA DAYA SABON SHUGABAN JAMIYYAR NAN DA WASU GABNONIN JIHOHIN DUK SUN HARGITSA TA
IDANDE HAR PDP ZATAYI TASIRI A YANKI TINUBU TO AKWAI DAMUWA A 2023
ALAJI",No
Everything is for women's empowerment if a woman does it. Should the owner be a man he would be branded a misogynist for perpetuating unhealthy beauty standards.,"Duk wani abu ana yi ne don ƙarfafa wa mata idan mata suna yi, Daga lokacin da mai shi ya zama namiji to sai a fara ce masa mai ƙin mata saboda ya ƙi abubuwan ado dake sanya lafiya a haɗari.",Yes
This is exactly why women shouldn't be in the police force. Any career that requires strength and courage is no place for weak foids.,"Wannan shine babban dalilin da yasa mata bai dace su shiga aikin ɗan sanda ba. Duk wani aiki da ya ƙunshi aiki da ƙarfi da jarumta, to ba wajen aikin mata bane.",Yes
,"Da Duminsa: Adeleke na PDP ya ba abokin karawarsa na APC tazarar sama da kuru'u 30,000 a sakamakon zaben kananan hukumomi 22 da aka gabatar a dakin tattara sakamakon zaben

A sakamakon zaben da aka gabatar a dakin tattara sakamakon zabe (Coalition Center) na kananan hukumomi 22 cikin 30 da aka gabatar, dan takarar jam'iyyar PDP na zaben gwamnan jihar Osun, Ademola Adeleke shi ke kan gaba a kan babban abokin karawarsa gwamma Gboyega Oyetola na APC, da tazarar kuru'u 31,749.

A sakamakon zaben Adeleke ya lashe zaben kananan hukumomi 14 inda Oyetol ya sami kananan hukumomi 8 kawo yanzun

A sakamakon zaben kananan hukumomi 22 din da hukumar zabe ta karba kawo yanzun, dan takarar PDP Adeleke yan da yawan kuru'u 295,023, inda Oyetola na APC ya sami kuru'u 263,274.

Sai dai tuni aka shigar da sakamakon zaben karamar hukumar Boripe wadda ita ce karamar hukumar da dan takarar APC ya fi ba dan takarar PDP tazara sosai, a inda kuma har yanzun ba a shigar da sakamakon zaben karamar hukumar Ede North a gaban cibiyar tattara sakamakon zaben, wadda ita kuma ita ce dan takarar PDP ya ba na APC gagarumar tazara sosai.

Kananan hukumomin da aka gabatar da sakamakon zabensu a hukumance gaban dakin tattara sakamakon zabe sune;

Boluwaduro, Ilesa East, Ila, Boripe, Odo-Otin, Ilesa West, Obokun, Orolu, Olorunda, Ife North, Osogbo, da Aiyedire.

Sauran kananan hukumomin sune; Atakunmosa West, Ifelodun, Ife Central, IrePositivedun, Oriade, Ayedade, Ola-Oluwa, Iwo, Ede South and Isokan.

#OsunDecides",No
,"Sarakan ajiya!

Wata riga ce tun kina yarinya?
Aa wani kwano ne da kika gado tun kakarki ta uku! irin tasar nan...da pantekar nan.

Ko wata tsohuwar jaka?
What is it?",No
,😂😂😂😂 Wallahi abun nan abun haushi abun dariya😂😂😂😂,No
"Personally i can't be an asshole even i try, but i see all my arrogant or abusive friends getting a lot of girls , so why would they stop being assholes if it works for them , girls love it so they should be responsible of their choices","Ni kaina, ko da na yi ƙoƙari, ba zan iya zama mai ɗabi’a marar kyau ba. Amma ina ganin abokaina masu girman kai ko cin zarafi suna samun mata da yawa. To me zai sa su daina irin wannan hali idan yana yi musu aiki? Mata suna nuna sha’awa ga hakan, don haka su ma ya kamata su ɗauki alhakin zaɓinsu.",Yes
That's all you lasted? I should send you to your bitchy sister-in-law for training!,Haka ka ƙare kenan? Ya kamata a tura ka wajen 'yar’uwar matarka 'yar iska domin ta koya maka darasi!,No
Why is this not at all surprising? >Live in girlfriend Why do men allow this ever? Why? Why? Why? Why? Why? Why? I'm now a woman. Give me free room and food. Amidoingitrite?,Me ya sa wannan ba abin mamaki bane kwata-kwata? >Budurwar zama da namiji a gida ba tare da aure ba. Me ya sa maza ke yarda da hakan a kowane lokaci? Me ya sa? Me ya sa? Me ya sa? Me ya sa? Me ya sa? Me ya sa? Yanzu ni mace ce. Ku bani gida da abinci kyauta. Shin haka ake yi?,Yes
I'm not even incel I just hate females. Fuck off.,Ni ba ɗan iska bane kawai na tsani mata ne. Bar nan.,Yes
"Windows, outside lights, and security cameras are NOT people in need!!!! How many people died while this bitch tossed her fake hair or inspected her nails?","Tagogi, fitilun waje, da kyamarorin tsaro ba su da buƙata kamar mutane! Mutane na mutuwa amma wannan karuwar kuma tana bata lokaci tana gyara gashin kanta na ƙarya ko duba farcenta!",Yes
,"Ina kallon Africa TV ana wani shiri da Sheikh Mal. Aminu Ibrahim Daurawa kan matsalolin da ma'aurata ke fuskanta, lokacin yaba da labarin wata mata da taci kwalar miji tace ""sai mijin ya saketa"", mijin yace ""je kidauko takarda da biro"", matar taje ta dauko tabashi.

Mijin ya amsa yayi rubutu ya nade takar dar yabata, sai matar tafara hawaye ta tambayi mijin ""me karubuta a takardar?"", Mijin yace ""ai ke iya karatu sbd haka ki karanta kigani"". Matar tabude takarda takaranta taga ba sakinta yayi ba kan murna tayi tsalle ta rungume mijin😂

Akwai wata da miji yamata hka, ita lkcin hrgida take tana kuka, ana tambyrta me yafaru? daqyar ta iya buda baki tace mijin tane yasaketa, aka amshe takar dar aka duba ashe ba sakinta yayi ba, sai abu yakoma dariya, tun lkcin bataqara cema mijin sai ya saketa ba😂

Ynxu kuma ace anyi rashin sa'a sakinne da danne kai xasuyi suna kuka suna ka cuceni ka zalunceni. Anya lamarin nisa'u babu Jinnu aciki wai😂😂😂",No
,"HAQIQANIN ALBARKA MU KIYAYI BACCIN ASUBA 

Wani mutum ya tambayi Aliyu ibn abi dalib R.A cewa, nagani cewa karnuka sukan haifi ya'ya har bakwai (7) amma sauran dabbobi yawanci ya'ya biyu kawai suke haihuwa.

Amma kuma dukda haka idan muka duba kewayenmu sai muga cewa dabbobi sunfi yawa fiye da karnuka dukda su ana yankasu kowace rana, a yankasu saboda karrama baki, ayanka su don ayi kasuwanci da namansu, ayanka su saboda haihuwa, ayanka su saboda layya kullum cikin yanka su akeyi. To menene sirrin da yasa dabbobi suka fi karnuka yawa!!?

Sai Aliyu ibn abi dalib yace, wannan itace albarka, sai mutumin yace, meyasa dabbobi suka cancanci albarka banda karnuka?? Sai Aliyu ibn abi dalib yace, saboda su dabbobi sukan kwanta a farkon dare sai su tashi kafin alfijir sai su riski lokacin rahama sai albarka ta sauka akansu.

Amma su karnuka zasu tsaya ido biyu tun farkon dare suna ta haushi idan alfijir ya taho sai suje su kwanta suyi bacci sai lokacin rahama ta wuce su sai acire albarka a tare dasu.

Ina mana wasiyya ni da ku cewa, mu kiyayi baccin asuba mudaure mu tashi domin sallar asuba don mu riski lokacin rahama albarka ta sauka akammu da dukiyoyimmu.

Ya Allah ka datar damu duniya da lahira.",No
,Shiga keyboard duk abinda yazo tsakiya kiyi ta rubuta shi muga irin turancin ki🤣🤣🤣,No
Ugly women don't count,Ba a lissafi da munanan mata.,Yes
"My condolences. The female mind’s capacity to be so duplicitous, without remorse, sickens me.",Ina miƙa ta'aziyya ta. Yanda ƙwaƙwalwar mata ke iya mugunta ba tare da tausayi yana ban mamaki.,Yes
I see your confusion. You think Jews are HIV. I think women are.,"Naga ruɗewar ka. Kana tunanin yahudawa suna da Cutar Ƙanjamau, a tunani na mata ne ke da shi.",Yes
,Matar 👰👰👰da ke bada maganin mallakar miji🤵🤵🤵dazu mijinta ya sake ta🚶🚶🚶🚶,No
,"Alfijir Hausa ta baiwa Mai bibiyanta akoda yaushe kyautar ta 5K da Kuma DATA 3G 

Nanerh Hawwerh tana Daya daga cikin dubbannin Mabiya na Wannan kafa Mai albarka da Farin Jini. 

""A cikin lamuran wannan baiwar Allah akwai aikin hankali, duba ga tanka Mana a duk Lokaci bayan lokaci dazaran muka kawo labari, bisani tana amfani da Alkalaminta ta wurin zayyana Alheri, baza kataba Jin tayi batanci ba, cin fuska, bare izgili ga Wani ko wata ba bama a wanna kafar namu ba hatta a sauran wasu kafofin yada Labarai tayi shura akan Haka."" 

Bugu da Kari Matashiyan tana amfani da Alkalaminta a domin Yi Mana Nasiha tacikin hikima dazaran mukayi Wani Abu ba dai-dai ba, Alhamdulillah da Samunki cikin rukunin Zakakuran Masu bibiyarmu."" 

""A domin haka muka ga lallai ta cancanci yabo, da Kuma sakawa da kyauta Mai tsoka ta musamman da hukuman Kamfanin Jaridan ALFIJIR Hausa zatai Mata, bisani an Bata kyautarta ta Naira dubu biyar da Kuma DATA 3G duk a domin kyautatawa""

A dai jiya Asabar ne 16/07/2022 muka tura Mata da hakkinta Wanda ya rataya a wuyanmu biyo bayan yin Mata alkawarin hakan a shekaranjiya Juma'a kamar yadda muka wallafa hakan Kai daga Nan baban kafarmu Kuma mun cika Alkawarin.""",No
,"Ance a 2014 yayi Ridda abunsa…

So make una keep calm 😂",No
I live in NoVa too. The women here have no idea how good they have it into regards to the male dating pool. And yet all of them still bitch and complain about the men they see,"Ni ma ina zaune a NoVa. Matan nan ba su fahimci irin damar da suke da ita game da zaɓin maza. Amma duk da haka, suna ci gaba da korafi game da mazan da suke ganin.",Yes
"Disgusting, she is past her usefulness at that point","Abin ƙyama, ta wuce lokacin ta na amfana a wannan matakin.",Yes
"[USER] they have the most insane fantasy that some sex hungry man will rape them and they will need an abortion. Like your post, the way most of these women look is pretty good birth control against that fantasy","[USER]Suna da tunanin ban mamaki cewa wani namiji mai sha’awar jima’i zai yi musu fyaɗe, kuma za su buƙaci yin zubar da ciki. Kamar yadda rubutunka ya nuna, yawancin waɗannan matan ba su da kyau sosai, wanda hakan zai hana irin wannan tunanin.",Yes
"I remind myself that girls actually want guys to stop them, it's a fantasy all girls have. I'm not disrupting their day i'm giving them the opportunity to experience that fantasy in reality.","Ina tunatar da kaina cewa ’yan mata a zahiri suna son maza su dakatar da su wannan tunanin ne da duk ’yan mata ke yi. Ba ina katse ran su ba ne, a’a, ina ba su damar sanin wannan tunanin a zahiri.",Yes
"If women are so good at evaluating a mans capabilities, why are there so many single moms? Because it's not true, women are terrible at chosing partners. All they know is if a guy is physically attractive.","Idan mata suna da ƙwarewar tantance iyawar maza, to me yasa akwai mata masu yara da yawa waɗanda ba su da aure? Domin hakan ba gaskiya ba ne—mata ba su da kyau wajen zaɓar abokan aure. Abin da suka sani kawai shi ne ko wani namiji yana da kyau a zahiri.",Yes
,"Assalamualaikum.

Ina al'ummar Dutse da kiyawa kuyi yiwa Allah ku yiwa annabi, kuzo mu hadu mu hada karfi da karfe wajen dawo da wakilin dutse da kiyawa gida a zabe mai zuwa na shekarar 2023.

Bai tabuka abin arxiki ba a tsawon shekaru takwas 8 na mulki Amma yaran sa suna Kiran za'a gyara.

A tsawon shekaru takwas 8 din nan mallam sau hudu 4 kacal ya iya ziyartar al'ummar karamar hukumar kiyawa.

Muna Kara jaddada ALLAH YA ISA tsakanin mu dashi, Muna kuma rokon Allah ubangiji ya tsaida mu dashi ranar gobe kiyama akan irin wakincin da yayi mana a matsayin na mabiyansa.

Dutse da kiyawa akwai bukatar chanji a zabe mai zuwa na 2023.",No
,"KO KUN SAN CEWAR: Alhaji. Ahmad Idris ne tsohon Akanta Janar na Najeriya tareda matasa ƴan jihar Kano da ya samawa aikin ɗamara, Kuma an ce dukkanin su ba dangin iya ba na Baba.

Tabbas ya yi ƙoƙarin sosai domin irin su aka rasa a cikin al'umma, Allah Ta'ala ya saka masa da alkairi ya ƙaro mana irin su.

DAGA Anas Saminu Ja'en",No
,"Aslm, inayiwa kowa fatan alkhairi, dan Allah suna mai dadi nakeso wanda zan dinga fadawa mijina, amma sunan larabci",No
"I don't trust any woman. No closed door mettings, shared travel, etc. Ever.",Ba na yarda da kowace mace. Ba na amincewa da tarurruka na musamman ko tafiya tare da ita. Ko da yaushe nake gujewa irin waɗannan yanayi.,Yes
"As some random person once said on Twitter: """"any female born after 1993 can't cook... all they know is mcdonald's , charge they phone, twerk, be bisexual , eat hot chip & lie.""""","Kaman yanda wani mutum ya faɗa a tuwita; """"duk wata mace da aka haife ta bayan 1993 basu iya girki ba.. iya abinda suka sani shine McDonald's, suyi cajin wayan su, su kasance masu neman maza da mata, su ci sannan su yi ƙarua.""""",Yes
"If anything, it was to show that a patriarchy oppressing women also oppresses men to an extent Which, y’know, is currently a major topic in modern feminism (ignore the feminazi misandrists they fucking suck)","Idan za a kalli lamarin, tsarin mallakar maza  da ke tauye 'yancin mata, yana kuma tauye maza a wasu fannoni. Wannan muhimmin batu ne a cikin tattaunawar feminism na zamani—wato gane cewa tsarin da ke da laƙabi da jinsi yana cutar da kowa. Ya kamata kuma a bambanta wannan da ra’ayoyi masu tsanani ko na ƙiyayya ga maza, domin ba su wakiltar ainihin feminism ba.",Yes
She is stringing him along - he is her back-up plan. It's what women do.,"Tana ci gaba da jan shi, shi yana matsayin ko ta kwana ne. haka mata suke yi.",Yes
I may not be so vigorous anymore But i'm still a sneaky mean fuck to those that want to do me or my family harm. 248yrs of sneaky mean fucks. Our women are worse.,Ko da bani da ƙarfi kaman da amma dai har yanzu ina da ikon cin mutuncin duk wanda ya taɓa mi ko iyali na. Matan mu sune mafi matsala.,Yes
,Dan allah admin kibuye sunan don kawatace takeniman sawara don ciwun yar mace na yar mace ne ASLM Yar uwana Mata kubani shawari akan saurayina soja ne waiyanaso inje gujinshi nikuma inaganin bamutuncin macebane tatashi dagagarin datake taje gujin sauraya wai inbanje gujinshiba zairabudani Dan Allah kubani sawara matan sirri,No
,"zunzurutun kudi har dala million dari bakwai da hamsin 750M$ aka ware wa wannan shiri, wanda ko wacce Jaha za a bata dala million ashirin 20M$, abuja kuma a bata dala million sha biyar 15M$ sai kuma shi wannan shiri na NG-CARES shi ma an ware masa dala million shabiyar wato 15millions dollar's. 

Wannan shiri zai taimaka wurin rage radadin tallauci, rashin aikin yi da dai sauransu a tsakanin al'umma. Sannan ba wai iya daidaikun mutane wannan shirin ya kunsa ba, har da kananun masana yantu. Don haka in kana da sana'a ko masana'anta da take da rajista da gwamnati kamar CAC TAX SEMEDAN da dai sauran su, za ka iya cin gajiyan wannan shiri.

Kamar dai shirin survival fund ne, amma wannan ban da ma'aikatan cikin kamfani amma kima su ma za su iya applying a matsayin individual.

*NG-CARES LINKS*

Kowane state da nasu, don haka kowa zai duba link na jiharsa. Wasu states din Positivertal suka bude domin cikewa, kowa dai da irin nasu. Wasu form suke bayarwa kuma form din kyautane, kowa dai da irin nasu. Don haka kowa ya binciki sai dai wasu jahohin sun rufe .

Har yanzu manhajar wasu jahohin tana bude in kana bukata zaka iya yin magana ta WhatsApp 09063570041 domin shigar da kai tallafi Ng-cares zaa dora bayanin ka akan system da yardar Allah sai dai mutum ya jira sakon SMS ta layin daya bayar wurin rijista ,cikin sakon SMS da zaa tura ma mutum akwai link da zaibi don ya kara tabbatar da bayanin daya bayar wajen rijistar farko .

👇🏼👇🏼👇🏼👇🏼👇🏼👇🏼

https://cares.plax.ng/sokoto
https://cares.plax.ng/kebbi
https://cares.plax.ng/kaduna
https://cares.plax.ng/borno
https://cares.plax.ng/zamfara
https://cares.plax.ng/kano
https://cares.plax.ng/katsina
https://cares.plax.ng/gombe
https://cares.plax.ng/Niger
https://cares.plax.ng/adamawa
https://cares.plax.ng/abuja
https://cares.plax.ng/yobe
https://cares.plax.ng/jigawa
https://cares.plax.ng/plateau
https://cares.plax.ng/kwara
https://cares.plax.ng/lagos
https://cares.plax.ng/anambara
https://cares.plax.ng/bauchi
https://cares.plax.ng/taraba
https://cares.plax.ng/oyo
https://cares.plax.ng/enugu
https://cares.plax.ng/delta
https://cares.plax.ng/rivers
https://cares.plax.ng/edo
https://cares.plax.ng/benue
https://cares.plax.ng/kogi
https://cares.plax.ng/ondo
https://cares.plax.ng/abia

©️ Ahmed El-rufai Idris
BIO TEAM NG-CARES PROGRAMMES 🌐",No
,Sannu da Aiki jagora Amma ka kwana da naka shirin domin muma A jigawa haka zamu kasa mu tsare mujira har sai Ambamu abin da muka zaba,No
,"Ohhh ni yar gidan mamana wallahi ina mugunjin haushin kalmar nan da wasu uwargidan ke fada wai AN AURAR MUSU MIJI Ohhh sannu me miji tinda mu zaman iskanci mukaxo ba sadaki yabayar ya auro mu ba, kofa a bude take gamasu xagi. Admin approved pls",No
"with how ugly i am, and how many women dont call me back, i must be a serial rapist. =[","Duba da yanda nake mummuna da kuma yanda mata basu ƙirana, kawai zan zama mai yin fyaɗe.",Yes
Because girls don't go on Tinder to meet monogamous guys who just want to date.,Domin 'yan mata ba sa shiga Tinder don saduwa da maza masu ra'ayin aure ɗaya waɗanda ke son soyayya kawai.,Yes
"Women of an earlier decade were taught about proper """"consent"""". [URL] The problem with women is they want the hookup culture to seek Alphas, bu want the puriticanal prudery otherwise.","Matan shekarun da suka gabata an koya musu game da ingantaccen 'yarda'. [URL] Matsalar da ke tattare da mata shi ne suna son al'adar saduwa da maza masu ƙarfi (Alphas), amma a sauran lokuta suna neman tsaftaccen ɗabi'a.",Yes
"They are complaining about guys but can’t stop riding in their dicks. Ladies, excuses don’t work that way. Guys are treating you like shit, because you are shit. Men don’t do things without reason, otherwise they would be girls.","Suna ta ƙorafi akan maza akan basu haƙura da jima'i da su. Mata. ƙorafin ku bai yi aiki ba, maza suna mu'amalan ta ku ne a haka saboda ku baku da amfani, namji baya abu sai da dalili.",Yes
,"Finally 'Yar Autan Baba Muhammadu Buhari Noor Buhari ta shigo hanu na😀
Bayan Biki zan bawa kowannen ku Minister 😀🏃🏽‍♂️",No
,Aslm dan Allah Ina Neman shawararku inason zuwa inbude account wane bank NE mai saukin sha'ani kuma nawane kudin budiwa nagode,No
,"Yaudarar kai ne kana Kaduna ka riƙa tunanin wai saboda PDP ta ci Osun wai zata ci Jihar Kaduna.

APC tayiwa Talaka riga da wando a Jahar Kaduna da Arewa baki ɗaya 
Ƙuri'ar Arewa ta APC ce!

Ra'ayin Salma Musa",No
It's because they're oppressed so they need their own spaces. But men don't need any spaces because they have it easy. Female 'logic'.,"Ana ganin cewa saboda ana danne mata, dole ne su sami wurare na musamman. Amma ana ɗaukar cewa maza ba su buƙaci irin wannan wurare, domin rayuwa tana da sauƙi a gare su. Wannan ita ce fahimtar wasu mata.",Yes
,"😂😂 kinata wani jijida Kai
Waike kyakkyawa to
Ummi rahab ma
Lilin baba ta aura😂😂Kuma ma gidan kishiya ta shiga 🙄",No
,"Na yadda da wata mata Yar katsina 
Ta sayi kaya a Guna Kuma Bata biya 
Ba na tura mata Amma taki biyana 
Har yanxu.

Wasu xasuga laifina meyasa na tura mata 
Bata biyani ba wlh kawai yadda da ita nayi 
Kamar yadda Nima mutane suke yadda Dani suturomin kudinsu in tura musu kaya.

Ina daga mata kafane saboda matar aure ce Amma in Bata biyani kudina ba daga yau xuwa gobe ba xanyi Positivesting na profile 
Pic dinta da da hotonta insha Allah.

Na sanar ne kafin inyi afara cewa ban kyauta ba.

Allah yasa mudace 🙏
Nasan xata gani saboda tana cikin wannan group.",No
,"ALGHADIR...

A watan da Annabi SAW yayi hudubar bankwana...

A watan da Annabi SAW yayi Hajin Bankwana...

A watan da ayar nan ta Suratul Ma'ida aya ta 67 ta sauka mai cewa Annabi SAW( Isar da Sakon da aka Saukar maka...)

A watan da ayar nan ta Suratul Ma'ida aya ta 3 ta sauka da cewa a (Yau Na Cika muku addininku....)

A watan da Annabi SAW ya tara Sahabbai masu komawa Madina Madinar da a can za a shugabanci Musulmai.yayi musu Bishara da cewa Duk wanda nake shugabansa to Aliyu Shugabansa ne....

Idan dai har wadannan ababen sun faru kamar yadda Ahlussunnah da Shia suka tabbatar to bai kamata mu saura da wani kokwanto na cewa Shugabancin IMAMU ALI Ga baki dayan Alummar da Annabi ya taba shugabanta wani abu ne da ya takaita ga wasu sojojin Yamen ba.... Wannan watan da wadannan kwanakin Sakonnin Ilahirin Musulmin da ke wurin da wadanda basu wurin ko ma basu zo duniya ba shi Annabi SALLALLAHU ALAIHI wasallam ya isar babu kokwanto. Ciki kuwa har da Imamar Imamu... (AS) 
ALLAH KA SHAIDA MUNA SON IMAMU ALI DA AHALIN GIDANSA YAN GIDAN ANNABTA",No
,Don Allah sisters wani konfanin katifane yafi kyau plz Banda shariya Ina jira,No
,"AN GANO TUZURAI BASA BACCI DA WURI SAI 3:50 AM 

SHIYASA BASA SAMUN SALLAH ASUBA SAI 8:59 AM",No
"a dog will look you in the eye and do your bidding no matter how badly you beat it. U discipline a woman once and she'll call the police on u, kek. In all seriousness tho, will a woman show you the same loyalty a doggo can?","Kare zai iya kallon ka ido-da-ido ya kuma ci gaba da biyayya, ko da kuwa an yi masa hukunci da tsanani. Amma a dangantaka da mutane musamman a alakar aure na zamani ko da ɗan hukunci kaɗan da ake ganin bai dace ba na iya janyo mummunan sakamako. Don haka tambayar ita ce: shin abokin rayuwa zai iya nuna irin biyayya da aminci kamar yadda ake gani a wasu dabbobi?",Yes
Isn't that exactly what you do though? Hang out in subs and talk about Feminazis and ugly/fat girls? Just like you did here?,Shin ba irin wannan hali kuke suka ba ne—na shafe lokaci a wasu rukunin yanar gizo kuna tattauna batutuwan da suka shafi Feminism mai tsauri ko sukar bayyanar wasu mata? Alamu dai na nuna irin waɗannan halaye suna maimaituwa a nan ma.,Yes
The only reason why women like guys is aesthetics or power thats why incels are alone,Dalili ɗaya da yasa mata ke son maza shine ado da kuma ƙarfin iko shiyasa talaka bai da kowa.,Yes
Im sure she does. All women have back up. You may even be her number 2. She likes the attention and validation. Learn game and stop cucking,"Ina da tabbacin tana yi. Dukkan mata suna da ko ta kwana, hala kai ne ma na biyu, tana son jan hankali da yabo. ka koyi yanda ake yi kar ragwanta.",Yes
,"In ji Baba Waziri Net

🙈🙈YAN MATAN FACEBOOK🙈🙈

Wata budurwa a Facebook ta ga hoton wani saurayi ya sha ado sai ta tura masa sako kamar haka:

BUDURWA: ""Barka da warhaka ""Hajji-Murtala"". Wankanka ya birge ni. Kai kuwa dan wane gari ne?""

SAURAYI: ""Ni dan garin Kaduna ne, amma Kano nake da zama a yanzu. Ke fa?""

BUDURWA: 'Yar Kano ce ni. Amma Murtala, wace irin harka kake yi a Kano?""

SAURAYI: ""Bana harkar komai.""

BUDURWA: ""Ke nan dai student ne kai?""

SAURAYI: Eh, a da ke nan; amma tun ina yaro na gudu daga makaranta. Kawai a zaune nake a wani gida. Amma fa kin burgeni.""

BUDURWA: ""Na gode. Ni kuma cikin makon nan aka kawo kayan aurena. Amma fa ina tausaya ma, saboda rayuwa a garin da ba naku ba; kuma ga shi baka da aikin yi.""

SAURAYI: ""A'a, kwanan nan na so na fara wata harka da Miliyan N100 da mahaifina ya bar mun na gado.""

BUDURWA: ""Wow, ni kuma cikin makon nan wani abu ya hada ni da wanda a ke so ai mana aure, don yanzu kam bama tare.""

SAURAYI: ""Ikon Allah baya karewa. Ni kuma makon nan a ka yi gobara a gidan da nake; har da kudina a cikin dakin da wuta taci.""

BUDURWA: ""Wayyo...Allah Ya maida maka da alkairi, na tausaya ma. Ka cigaba da addu'a. Ni ma haka nayi har na samu muka dawo kamar bamu taba samun matsala ba ni da wanda zan aura.""

SAURAYI: ""To ai jakar da kudin ke ciki ba tayi komai ba, don ko sisi bai kone ba. Insha Allahu gobe harka kawai zan kama, in zama dan canji a Wafa.""

BUDURWA: "" Da kyau; Allah Ya rika. Amma ka san abun al'ajabi? Dazu da ka ga na jima ban yi magana ba, sako aka turo mun wai wanda zan aura ya rasu.""
Mata kuji tsoron Allah ku rage son abun duniya
🙄🙄🙄🙄🙄🙄🙄
Kawayena kunji sharrin da aka mana akwai kuskure a zancen nan😎😎😎😎😎 😂😂",No
,"Gaa abun fah!

In akwai wadda bata taba using ba to aradua an barki a baya

Zo ki sayi naki",No
,Assalamu Alaikum yan abuja da Bauchi wadanda sukace sunason wannan kuyi min magana gobe insha Allah xan tura kaya 08036220601,No
,"Yana Neman shawara yanada jarin 500k wai wace sana'a zaiyi da zata iyabashi 2k-3k a kullum?
Help a Bro.",No
,"Man zaitun yana rage yawan sinadaran kolesterol wanda idan yayi yawa a jini yana kawo illa ga zuciya.

Lafiya uwar jiki",No
,"Kwanakin nan naga Uwargida ake kawo kararsu.
Allah Ya baku hakuri Amma fa bazamu fasa auren mazajen ba !!!🌚",No
,"Kurfoti Available ga saurin girki ga maintening gawayi idan kina amfani da gawayin 200 na 100 ya isheki saboda kasar ciki ba normal kasa bace akwai chemical aciki,cin wuta yake sosai sai angwada akan San na kwarai muna garin Kano muna aikawa ko ina,4000 ne.07038111657 Kira ko WhatsApp.free delivery ne Amman iya Kano Allah yabamu sa 'a",No
"I don't need to, when women these days use the word man/men, it's either for shaming, blaming or complaining.","Ba na buƙatar hakan, domin a yau idan mata suka yi amfani da kalmar 'miji/maza', ko dai don zargi, ɗora alhaki, ko kuka",Yes
We must require annual physicals to include a mental check. Something is seriously wrong with that woman. She's totally unhinged!,Ya kamata a sanya gwajin lafiyar kwakwalwa a cikin binciken shekara-shekara. Akwai matsala mai tsanani da wannan mace. Ta kasance ba ta da kwanciyar hankali!,Yes
,"Sisters pls wane mai ne xaayi ma baby amfani dashi nagyaran gashi wnda xai sa gashin yafito, na qeyan ne babu sosai.",No
,"Komin daukakar mace, da girman ta, da kudin ta, idan bata da sunkuyar da kai ga mijinta ba zata zama wata abu ga mijin ta ba har abada.",No
"Yeah validation is what drives their every decision. It’s the same kind of feeling a man gets when he is needed and has the skills to help. Except women have no skills, they are just a wet hole. So, no validation no reason to exist they breakdown.","Tabbas, neman amincewa ne ke motsa dukkan ayyukansu. Wannan irin jin da namiji ke samu lokacin da ake buƙatar ƙwarewarsa da taimako ne. Sai dai wasu mata ba su da irin waɗannan ƙwarewa sosai; suna fiye da kasancewa masu buƙata na musamman. Don haka, idan ba su sami amincewa ba, suna iya shiga cikin damuwa ko rashin kwanciyar hankali.",Yes
That’s all she told you. Stop believing what women say. Focus on your purpose and more women will come around and you’ll be out of this situation indefinitely because you truly won’t gaf about any of the women you’re with.,"Wannan shi ne kawai abin da ta gaya maka. Ka daina yarda da duk abin da mata suke faɗa. Ka mai da hankali kan burinka, sai ƙarin mata za su zo gare ka, kuma za ka fita daga wannan hali gaba ɗaya saboda ba za ka damu da kowace mace da kake tare da ita ba.",Yes
Soy Boy sure looks better as a female of the species.,“Soy Boy” yana nuna kyawunsa sosai idan aka ɗauke shi a matsayin mace a cikin jinsin.,Yes
That's the kind of sadistic shit only women can do to their children.,Irin wannan ƙasƙancin iya mata ne zasu iya yi wa 'ya'yan su.,Yes
Never let her seduce you into buying her anything big. Treat her like a peasant. And since you're the actual king you will reap rewards.,"Kada ka taɓa barin ta ta jawo ka ka sayi mata wani abu mai tsada. Ka kula da ita kamar yadda ake kula da talaka. Kuma tunda kai sarki ne na gaske, za ka sami sakamako mai kyau.",Yes
,MUSA OJO mai Allah Allah yakara shiga lamuranka Allah yarabaka da sharin makiya da mahassada.,No
,Dan Allah da iPhone da Samsung wacce tafi rike charging da kuma camera me kyau da kuma model din wayar,No
,"Inna lillahi wa inna ilaihi raji'un 

A kasar Masar, ’Yan mata 30 da suka haddace Al'kur’ani mai tsarki sun mutu a wani mummunan hatsari yayin da suke hanyar komawa gida bayan an yaye su. A yau ne aka yi jana'izarsu.

Allah ya gafarta musu",No
,"Gaskiya rashin aure masifa ne, tun jiya ake ruwa gashi ko karyawa banyi ba😥😪😭. Allah ka aurar Damu.🙏🏼",No
,"Alahamdulillahi 

Allah yasanya alkairi 
Mal Ibrahim Abdullahi Basirka",No
Should have given her a taste of equality and drilled her with a left hook.,Dama na nuna mata yanda daidaito yake kuma na huda ta da ƙungiyar hagu.,Yes
"Any place but here is excellent. if the bitch hates """"racism"""", I can think of no better place for her to go and escape it. Hahaha.","Duk wani idan ba wannan ba to yayi, idan karuwan nan ta tsani wariyan launin fata, to ina ganin tafi cancanta da nan wajen. haha",Yes
"I appreciate the fact that people follow me even though I don't really post that often. I would like to post more, but it's so hard for me to stay on top of this sort of thing. Depression is a bitch lol","Ina matuƙar godiya ga waɗanda ke bibiyata duk da cewa ba na yawan wallafa abubuwa. Ina son in riƙa zama mai ɗorewa wajen wallafawa, amma yana da wahala in ci gaba da hakan musamman idan mutum na fama da damuwa. Ina ƙoƙarin gyara hakan, kuma kasancewarku tare da ni na yi matuƙar godiya.",Yes
Fearless Feminazi can't handle the fact she was knocked to the ground. Should have stayed at home if you can't take a beating like the man you thought you were. Once your stuff is on the internet it is NEVER going to to away.,"Yar rajin kare hakkin mata maras tsoro ba zata yarda cewa ta faɗi ƙasa ba. dama ta zauna a gida ne idan ta san ba zata iya haƙuri kaman yanda maza suke yi ba. Daga lokacin da al'amuran ki suka hau yanar gizo, ba zasu taɓa tafiya ba.",Yes
,"Inaa mutanena na Glow Gang
Duk wadda bata siyaba to munata sheqi babu it's fah

A hanzarta N4,000 ne kachal",No
,"Grm 001
Mal Zahraddeen Abubakar din karama hukumar gwaram (zulum)
Allah yabaka ikon cimma kyawawan manufofinka
Allah yatayaka mulkin al'ummarka
Ameen.",No
Did she get his consent in writing? Maybe she raped him.,Shin an bata dama a rubuce? hala ma ta masa fyaɗe.,Yes
The explosion of state welfare goes hand in hand with women's suffrage.,Ƙaruwar tallafin jama'a na jihohi yana tafiya kafa da kafa da ƙwaƙƙwaran mata.,Yes
They just need to be bitch slapped by a real woman.,Suna buƙatar mace na gaske ta mari wancan 'yar iskar.,Yes
"Finally the progressive theory on men and women (guys with boobs, not cis) being equal has been proven to be true, LOL!","A ƙarshe, ka'idar ci gaba game da daidaito tsakanin maza da mata (maza masu ƙirjin nono, ba na al'ada ba) ta tabbatar da cewa gaskiya ce, LOL!",Yes
,"Wacece take bukatar samu 2k Akullum ba tare da tasa ko sisintaba duk maiso tamin mgn 
Allah yabawa mai rabo sa a",No
"Bitches are children and need constant praise no matter how retarded they are? This is why I never compliment women. They'll probably think it's rape, and their self-esteem is *way* to high anyway.","yan iskan mata kaman yara suke, suna bukatar kulawa da umarni ko yaya suke? shiyasa ni bana yabon mace. saboda zasu iya tunanin fyaɗe ne, sannan jin kan su zai ƙaru.",Yes
Talk to a girl as if she isn't a potential mate. This will take them off the grand pedestal that you've invented. Just talk to girls like you would a mate. Girls can feel that power that you've given them.,Yi magana da yarinya kamar ba ta zama abokin aure ba. Hakan zai sauke ta daga wannan matsayin da ka ɗora mata. Yi magana da su kamar yadda za ka yi da abokinka. Mata suna iya jin ikon da ka ba su.,Yes
"u can ask wifey to play, but you have to be a good girl","zaka iya tambayan matan ka wasa, amma sai kin zama yarinya mai ɗa'a",Yes
,"NA WAKILCHIN MAGA WATAN DUTSE KUMA WALIN BIRNIN KUDU Alh Salihi suleman A HAWAN SALLAH A GARIN BIRNIN KUDU 

Maigirma sarkin Kudu Hakimin birnin Kudu ya gudanar da Hawan sallah babba A garin birnin Kudu yau lahadi 18/7/2022 Allah ya maimai ta mana ya Amin.",No
,"Zaki tarwatsa taron shanu

Wakili nagari jakada na kwarai Mal Zahraddeen Abubakar din Gwaram 001.",No
,Hakoran makka original one order daga saudiyya and azurfofi namata dana maza kugarzayo kar abarku abaya location sileja WhatsApp number is 09034194939,No
,"Ƙungiyar Masu Sana'ar Gasa Biredi Ta Kira Ƴayanta Yajin Aiki....

Shuwagabannin ƙungiyar masu sana'ar gasa Biredi a jihar Katsina tayi kira ga ƴayan ta dasu ƙauracema gasa Biredi na tsawon sati Guda, za'a fara yajin aikin ne daga ranar Laraba 20/07/2022 har zuwa ranar Talata 26/07/2022.

A cewar Sanarwar wannan Umarni ne daga Uwayen ƙungiyar na ƙasa wato Association if master baker's & caterer's of Nigeria.

Idan dai ba'a manta ba ƙungiyar ta bayyana cewa tashin gwabron zabi da farashin kayan aikin samar da biredin yayi da kuma haraji da Gwamnati ke ƙara masu sune suka jaza ƙungiyar tsunduma wannan yajin aikin na mako guda.",No
,"Taka lafiya Dan TUKUR mulki ka Gaza hauni da dama kowa ya barka tilas ya dawo maka. Katangar sukari kake duk Wanda ya rabe ka sai ya lass. Mun yadda mun amince ka sake komawa zauren majalisar tarayya ka wakilce mu. 
2023 taka ce da ikon Allah.",No
,"Aslm 'yan uwa ya kuke,Dan Allah meye maganin borin jini,naje asibiti anban magani nasha ya dawo pls nagode.",No
,"YADDA AKE BLOCK NA HARAMTATTUN WEBSITE A WAYA.

A addinance dai kowa yasan kallon video na batsa haramunne, haka kuma kallonsu yana cutar da lafiyar idanu da kuma gur6ata zuciya tare da saka raunin imani da tsoron Allah.

Muna cikin wani zamani wanda yahudawa suke amfani da cigaban da aka samu na amfani da yanar gizo suna gur6ata mana tarbiyar ƙanne da yara dama mu kanmu 'din baki 'daya, ta hanyar bu6e website website masu dauke da bidiyoyi na batsa wanda mu addininmu ya haramta mana kallansu, su kuma suna samun maƙudan ƙu'da'de ta wajen.

Ba'a iya maza kallon bidiyoyin batsa ya tsaya ba, harda mata kuma hakan yana 'daya daga cikin abubuwan da suke bada gudunmuwa sosai wajen lalata mana tarbiya. Wa'iya-zubillah, Allah ka ƙara tsare mu, Amin.

Hanyar da zaka iya bi domin haramta ma wayarka ko wayar ƙaninka kota ƙanwarka, kota yaranka samun damar kamo wa'dannan website 'din shine...

Da farko zaka shiga cikin google search na wayar, ko kuma browser 'dinda take a saman wayar, sai ka rubuta google.com sai ka danna (go) wato search.

Bayan ya bu'de zaka ga bayanai sun fito da yawa, sai ka duba daga hannun hagunka zaka ga wasu layi-layi guda 3 da suka jera, sai ka shiga cikinsu.

Suma idan suka bude sai ka tafi wajen da aka rubuta ""settings"", wanda shine na uku a hoton dake sama, sai ka shiga ciki.

Idan ya bude zaka tsaya ka duba da kyau akwai inda aka rubuta ""Safesearch Filters(?)"" a ƙasanshi zaka ga wasu za6uka guda biyu, na farko shine ""Show explicit results"" na biyu kuma ""Hide explicit results"" sai ka maida za6inka akan na biyun wato ""Hide explicit results"".

Daga nan shikenan sai ka tafi zuwa can ƙasa inda zaka ga an rubuta ""Save"" da kuma ""Cancel"" sai ka danna save 'din, shikenan ka gama.

Shikenan ka rufe duk wani website na batsa a cikin wannan wayar dakayi haka akanta ba zafa ƙara kamosu ba koda anyi search bazasu fito ba, amma idan akwai browser guda biyu ko uku sai kayi ma ko wacce haka.

Allah ya ƙara tsaremu damu da 'yan'uwanmu tare da dukkanin musulmi daga fa'dawa tarkon she'dan da she'danun mutane, Allah ka tsare mana imaninmu aduk inda muke, ka nisanta mu daga aikata dukkan wani aiki wanda baka so. Amin.

✍🏼 Abu Ibrahim",No
,Wato sha'anin pi sai addu'a da wasa da wasa mage takusan zama damisa shin idan nafara mining yanzu ban makara ba 😭🥺😰😞🙆,No
,"Ina yan 2002🤗

Ku fito muma muhada namu meeting din😄",No
,"Innalillahi Wa'inna Ilaihir Raji'un 

Jama'a don Allah ataimaka atayamu chigiyar wannan motar ta Ɓarayi sun shiga gidan wani Bawan Allah jiya da dare sun sace ta.

Duk Wanda Allah yasa ya ganta ya ankarar da Jami'an tsaro, Allah yasa adace Amin.",No
,"LADIES.
Wacce hanya ce mafi sauƙi kuma cikin lumana idan za ki sanar da mijinki cewar kina son kiyi tsarin iyali?",No
,"INNALILLAHI WA'INNA ILAIHI RAJI'UN. 

Ina mika sakon Ta'aziyyata ga Jagoranmu Dr Rabiu Musa Kwankwaso, da iyalai da Abokai da 'yan uwa 'yan Jam'iyar NNPP da kuma Al'ummar jihar NEJA bisa rashin da mukayi na Shuwagabanni a Jam'iyyarmu ta NNPP ta dalilin mummunan hatsarin mota da ya rutsa dasu a hanyarsu ta komawa garinsu(Neja) daga taron Jam'iya a Abuja.

Muna Addu'ar Allah Ya jikansu Ya gafarta musu kurakuransu yasa Aljanna ce makomarsu. Idan tamu tazo Allah yasa mu cika da kyau da imani. 

R.I.J.F 😭 😭 😭 😭 😭 

Abba Na Abba 
19/07/2022.",No
,"Aslm morning ya aiki ya gajiya kuma pls inason ayi hide din sunana, currently nayi engaged da lefe duk nakai since Ramadan, 

Before nahadu da wannan yarinyar da zan aura inason wata yarinya ne sosai ina tunanin bazan iya aure ba idan ba ita bace duk da nasan yadda yarinyar take treat dina ba wani sona takeyi ba cause bata damu dani ba idan takirani wani abu takeso gareni saboda duk abinda nake dashi ta nema zanyi mata ina sPositivensoring din transPositivert school dinta like every day ina bata 500 domin zuwa school kuma idan bata da lafiya nake kula da wannan kai everything yana wiyana idan nata ne kuma part of her mother idan taga likita nine sayen magani cause her dad was dead, naji duk yadda take zan aureta nafara gayama mama labarinta sai wata rana nafita da mamana zuwa wani guri haka kawai sai takirani tabar phone dinta a keke napep kuma yace tazo ta amsa ya bata 10min kuma lokacin dare yayi is almost 10pm tace pls nazo nakaita sai nayiwa mamata bayani tace muje mukaje gidansu nadauketa tare da qanwarta dama front sit din motar ba kowa dagani sai mamata sai cousin dita sai diyar qanwata ba tafi 4yrs ba. Ta duba tagaida su suka shiga motar mufara tafiya abin takaici suka Dinga labari da qanwarta kamar ba kowa a motar babu koh jinkunyar bakuwar fuska duk da tasan cewa mamata ce, bayan nayi dropping dinsu mama tace wannan bata da kunyar mutane narabu da eta duk da haka nace mama zata gyara ae' mukazo maganar engaged take cemin karatu zatayi bayan dagama wannan degree zatayi medicine after nace ban yadda ba shine ya kawo rabuwar mu da eta but muna magana da mamarta still through phone nazo da sallah nan nadubata sai mamar takirani wai dagaske nayi engaged nace eh ynxu next 2 months zanyi aure takasha waya, part of ita yarinya wai ina my wife to be nace tana nan qaLaw, kawai tace dan Allah narabu da eta kada nasake shiga rayuwata nikuma saboda mamarta tana bani tausayi nake kiran mamarta saboda addu'a da takeyi mini. Inason yarinya har ynxu amma nariga nayi engaged kuma ansaka ranar aure....

Pls wace shawara yan aji zasu bani akan wannan lamari",No
I'll repeat what I told somebody else earlier. These aren’t “leftists” or “feminists” or “activists” we're up against. These are petulant children who have never had their insolent mouths slapped when needed.,"Zan maimaita abin da na faɗa wa wani a baya. Ba ""masu ra'ayin hagu"" ko ""feminists"" ko ""masu fafutuka"" muke fuskanta ba. Waɗannan yara ne masu taurin kai waɗanda ba a taɓa ɗaukar matakin ladabtarwa a kan maganganunsu masu rashin kunya ba lokacin da ya kamata.",Yes
Wonder who she fucked to get that,Waya san wanda ta kwanta da shi kafin ta samu abin.,Yes
"That's just nasty imagine marrying one of those, just how low these women sink is stunning. Rejection of the beta continues.",Har sai ta bar irin mummunan kallon. sai kace asalin mace,Yes
,"Hakan bai yi ba, yi tunanin auren ɗaya daga cikin su, har wani mataki na ƙasƙanci waɗannan matan zasu kai. Ƙi da Bijire musu za a ci gaba.",Yes
,"Innalillahi Wa'inna Ilaihi Raji'un.

Allah ka kawo mana dauki.",No
Not until they get rid of that dead glassy stare. Too much like real women.,"INA CAPACITY A GUN DAN MODO
Idan naji mutane suna zakewa Akan dan modi sai abin ya dinga bani dariya Ni ganaune ba jiyau ba sallah da kwana daya ranar Hawan bariki 
Abisa Al,ada Akanyi Hawa don kai ziyara gidan Gwamnati da sauran mukaraban Gwamnati
Abin daya bani mamaki shine yadda akaje wajen haka kowa ya tashi ko ruwan sha An gagara bawa manyan baki ballantana bayin Allah 

Shin wanda yakeso zama Gwamna lamba daya A jiha Amma ya gagara bawa bayin Allah ruwan sha 
Duk wanda yasani A Gwamnatin baya ana fito da abinchi A bawa bayin Allah suci su sha 
Wani sa,in yarda dan guzuri su saka a Alji hunsu 
Ya ilahi wacce irin rayuwa akeso ayi wanne irin milkin Akeso ayi 
Shin ina kudin da gwmanti take fitarwa domin wal wala da jindadi",No
,Dan Allah wani sabulu ko mai zan shafa fuskana kuraje ga tabo yayi yawa,No
,Budurwa ta gudu da motar saurayin ta bayan yaje siya mata shawarma a Kano… Amma daga baya ta shiga hannun yan sanda 😂😂😂,No
I said in my family dude not every fucking black guy in the world 😂😂. If they blame women they are weak bitches.,"Na ce a cikin iyalina ne, ba kowanne baƙar fata a duniya ba. Idan suna ɗora laifi ga mata, to su ne mutane masu rauni da rashin ƙarfi.",Yes
Lots of women have sadistic tendencies when it comes to low status men and enjoying toying with them. I noticed that once I put my foot down instead of just “ignoring it” (being a pussy) they stopped with giving me shit.,"Wasu ma iya nuna halaye na raini  mazan da basu da abin hannu kuma suna jin wasa da hankalin su, na lura cewa tun lokacin da na fara ɗaukan mataki na bar share abin, sai suka bar raina ni.",Yes
I have a right to hate these types of couples. This is why if I get an arranged marriage I will have to abort my daughters.,"Ina da ikon da zan tsani irin waɗannan ma'auratan, shiyasa idan aka min auren dole ba zan haihu ba.",Yes
40 years of your fat mom on welfare is reparations you lazy low iq bitch,Shekaru arba'in na uwarka ƙatuwa tana jin daɗi hakan na nufin ƙaramar ƙwaƙwalwan ki karuwa.,Yes
,"Wannan Shine Kabarin Malam Umaru Musa Yar'adua Tsohan Shugaban Kasar Tarayyar Najeriya Dake Maƙabartar Danmarna A Cikin Garin Katsina Malam Umaru Musa Yar'adua Ya Rasu A Fadar Shugaban Kasa Dake Abuja Ranar 5 Ga Watan Mayu, 2010, Aka Rufe Shi A Ranar 6 Ga Watan Mayu, 2010.

Malam Umaru Musa Yar'adua Ya Zama Gwamnan Jihar Katsina Daga Shekarar 1999 Zuwa 2007. Ya Zama Shugaban Ƙasar Najeriya Daga 2007 Zuwa 2010.

Allah Ya Jikansa Da Rahama!

Daga Hafiz Aliyu Kabade",No
"Morning [USER]‍ sexy, and good job posting that picture of a sexy girl with guns.","Barka da safiya mai jan ra'ayi, Sannu da aiki na posting waɗancan zafafan hotonan mata da bindigu",Yes
"Yep. They're so toxic that merely thinking about them traps and corrodes your soul. Yet your hormones compel you to do just that. If being female is Eve's curse, being unable to look away is Adam's.","Eh, basu da daɗin sha'ani ta hanyar tuna su kawai zai ɓata ma ruhi, amma jikin ka yana so kayi hakan",Yes
,"Da Dumi-Duminsa

An kara farashin fetur a fadin Najeriya gaba daya.

A jihohin arewa maso yamma ana sa ran yanzu za a rika sayar da litar fetur kan kudi Naira 184, Naira 189 a yankin arewa maso gabas. Jaridar Daily Trust wacce ta ce ta samu tabbacin karin a Talatar nan, ta ce za a rika sayar da litar fetur a Naira 169 a Lagos, Naira 174 kuma a Abuja.",No
All in due time. At least from appearance her eggs can be used without the taint of telegony. Had she previously lain with beasts of the field she would have used it to cuck long ago. Shows she’s got at least a shred of decency.,"Komai da lokacin sa. za a iya amfani da ƙoyayenta, daga gani da ta kwanta da jan wuyoyi da ta jima da haihuwa, hakan yana nuna nutsuwa da kamalanta.",Yes
,YA ALLAH KA RABAMU DA MASU KOSHE DA HASSADA A RAYUWA........... 🙏🙏🙏🙏🙏,No
My God what a dumb bitch,Kai. kaji wawiyan karuw.,Yes
,"MAGANI KYAUTA DAGA SHUGABAN KARAMAR HUKUMAR BAKORI HON.ALI MAMMAN BAKORI MAICHITTA

Wasu Daga cikin 'Yan majalissun Kansilolin Karamar Hukumar Bakori sun tantance magunguna da suka sahalewa Gwamnatin Karamar Hukumar Bakori ta Samar ga wasu cibiyoyin kiwon lafiya Na Sha-Ka-Tafi Dake wasu yankuna Na Karamar Hukumar Bakori wadannan cibiyo sun hadar da (1)Marabar Danja Dake Yankin Bakori 'A' Wanda Hon. Jamilu Halilu Ke Wakilta, (2) Asibitin Sha-Ka-Tafi Na Tsiga Wanda Mataimakin Shugaban Karamar Hukumar Bakori Hon. Lamis Ibrahim ya tantance, (3) Sai Kuma Asibitin Sha-Ka-Tafi Na Garin Layin Kuka Wanda Kansila Mai wakiltar Mazabar Kabomo Hon. Rabi'u Sule Rabiu Aruwa Kabomo ya tantance.

Hon. Ali Mamman Bakori Maichitta Zababben shugaban Karamar Hukuma Bakori ya kirkiro wannan tsari Na Kai magunguna 'KYAUTA' a asibitocin Sha-Ka-Tafi Na Karamar Hukumar Bakori Ne domin rage matsalolin tagayyarar Al'ummah sanadiyyar Rashin Halin Samun magani idan lallura ta Rashin lafiya ta afku garesu. Kuma wannan tsari Na Samar da wadannan magunguna shine Kashi Na Farko Inda Kashi Na Biyu shima Zai zagaya sauran wadannan mazabu damuke Dasu.

Muna addu'a Allah madaukakin sarki yakarawa wannan jajirtaccen shugaba Namu kwarin guiwa domin cigaba da ayyukan arziki.

DIKKO23'
HON.AMIRU 23'
HON.DR.KURAMI 23'
HON.ALI MAMMAN CHAIRMAN OF BAKORI L.G

Comr Abbas Salisu
Musa yahaya kurami 
19-07-2022",No
Girls are weird they secretly take your pictures and do all kinds of weird things but only other girls know about it usually,"Mata suna da abin mamaki, a ɓoye suke ɗaukan hoton ka sai suyi ta wasu hauka da shi amma 'yan uwan su mata ne kawai suka sani.",Yes
"Dear young white girl, femininity and traditionalism is beautiful and family life will fulfill you. ❤🤗","Ya kyakkyawar yarinya farar fata, matantakan ki da ra'ayin al'ada suna da kyau, kuma rayuwar iyali za ta cika ka da farin ciki. ❤🤗",Yes
This society is so gynocentric that it could be described as a bizarre matriarchy wherein largely male leaders sacrifice less powerful men to gain the political favor of women. I love that... I'll have to use it in conversation with feminists.,"Al'ummar nan ta tsaya kan buƙatun mata har ana iya kwatanta ta a matsayin mulkin mata mai ban mamaki, inda shugabanni maza galibi ke yin sadaukar da maza masu rauni don samun goyon bayan siyasa daga mata. Ina son wannan ra'ayi... Zan yi amfani da shi a tattaunawa da masu ra'ayin mata",Yes
"No. I wouldn't touch a whore, not with my own skin. I just like to appreciate them from afar, watch them sip coffee and talk in their funny gook language. If any one of them came near me IRL, I'd napalm them. [URL]","A'a ba zan taɓa karuwa ba, ba da fata na ba, ina son na yabe su ne kawai daga nesa, na kalli suna shan shayi kuma suna magana da irin yaren su mai ban dariya. Idan wata tazo kusa da ni IRL, zan iya buge su. [URL]",Yes
Mental health 'hospitals' are prisons where they force drugs on you. The therapists and psychiatrists are just stupid foids and cucks giving bluepilled advice. If you show any emotion in mental hospitals they put you in isolation.,"Cibiyoyin lafiyar ƙwaƙwalwa sau da yawa suna kama da wuraren tsare mutane, inda ake tilasta wa marasa lafiya magunguna. Likitocin ƙwaƙwalwa da masu ba da shawara galibi ba su da ƙwarewa kuma suna ba da shawarwari marasa amfani. Idan ka nuna motsin rai a cikin wuraren nan, sau da yawa za a keɓe ka.",Yes
,"Yanzu fisabillahi haryanzu ana wannan abun ace kafada soyayyan da mutun a socail media for almost 2yrs baku haduba face to face saidai a hoto?what if namiji ne kuke exchanging kalamai? Gaskiya kayi ganganci dahar kadau wannan lokacin bakaje kunga juna da itaba. Yanzu menene amfanin haka, bakasan gidan suba balle kakai ziyaran bazata. Kawarta dinma daka samu itama yanzu wayanta akashe baka ganin something is fishy? Akwai alaman tanbaya kodai anmata miji kokuma wani abun taga bazata iya maka bayaniba kawai ta kashe wayanta. 
Kadau hakuri komai me wucewane. Watarana sai labari.",No
,"ZAWARCI ZAWARCI BA KARAMIN BALA'I BANE:

Zawarci Yana Da Daci A Zukatan Zawarawa.

NAYI NAZARI AKAN MATA DA MAZA

Wallahi Da Rayuwar Zawarci Gara Jinkirin
Aure Ga Budurwa.

A Gidajen Talakawa Kuncin Rayuwar Zawarci Shike Jefa Dayawa Daga Zawarawa Fadawa Cikin Karuwanci Don Nema Ma Kansu Abin Biyan Buqatar Rayuwa.

A Lokacin Da Mace Takasance Bazawara A
Cikin GidanSu Kannenta Zasu Rinqa Yimata
Kallon Hadarin Kaji,

Kuma alokachin damace tazama bazawara awannan lokacin kowane kareda doki sai sufara nemanta dafasiqanci atunaninsu tinda tasan namiji ada zaiwahala ta iya tsallake tayinsu na fasiqanci

Dada ma wasu basutaba zinaba kafin auransu nafarko saibayan fara zawarcinsu

Kuma Ta Samu Incin
Yawo Guri-Guri Domin A Lokacin Ba Kowa Bane Zai Iya Tsawata Mata Ba.

Manzon Allah (s w s) Yace ""Ku Tausayama
Wanda Yayi Arziki Amma Arzikin Yaqare""

Don Haka Yakamata Mu Tausayawa Zawarawa.

Shin!! Wai Mike Jefa Mata A Rayuwar Zawarci???
1•Rashin Bincike Kafin Aure:
2 •Wani dan shaye-shayene
3 •Wani dan caca ne
4 •Wani baida hakuri 
5 •Wani barawone.
6 •Rashin Haquri:
7 •Wata Rashin son zama da Kishiya
8 •Wata Yawan Gulma
9 •Raina miji.
10 •Wasu Kuma Mazanne Masu Auri Saki.
11 •Wasu Kuma Mutuwace Ke Yanke
Kaunar. ALLAH ka tsare muna imaninmu da mutuncinmu da addininmu ALLAH kasa mufi karfin zuciyoyinmu kabamu ikon hadiye kwadayinmu kada kwadayi ya hade mu.
Abu na karshe kasani kaida kake kokarin yaudararta ta hanyar Gani rauninta kila gobe yarkace a wannan halin ko kanwarka ko Matarka uwar yayanka dakuka rabu ita rayuwa Duk abinda ka aikata shine zai dawoma agaba
YA ALLAH KA RABA MATA DAGA FADAWA
RAYUWAR ZAWARCI da kuma KARUWANCI.

HUZAIFA YUSUF 
SHEKA 
SANTANA",No
,"Ina yan boko yaude karya ta kare muku 
Kuxo kufdamin sunan kanwa da turanci",No
,Aslm don Allah ina neman masu siyar da second hand na foreign din gado da wardrobe seriously siya zanyi.,No
,"ALBISHIRUNKU 

A yau ma Manchester United ta turmushe takwararta ta Premier league CRYSTAL PALACE da ci 3-1.

Duk fa a cikin shirye-shirye ne na fara sabuwar Kaka ta kwallon kafa. 

Ku tambayar mun 'yan Dugwi-Dugwi sun shiryaaa????",No
,ZABEN2023: duk duniya babu uban da ya Isa ya hana kwankwaso da Idahosa zama Shugaban kasa sai Allah ~Cewar Buba Galadima.,No
,waishin da gaskene wasu mazan lafiyan mace sukeso intana da lfy komai normal intana ciwo sai a slow,No
Status symbol among their peers. Many women only have one hobby. Displaying a higher status then their female 'friends'. So the alpha chick has photos with a tiny dog? I need photos with a tiny dog.,"Alamar matsayi ne tsakanin abokansu. Yawancin mata na da sha'awa ɗaya kawai — nuna cewa suna da matsayi mafi girma fiye da sauran abokansu mata. Don haka, idan mace mai matsayi ta dauki hoto tare da karamin kare, ni ma ina buƙatar hoto tare da karamin kare.",Yes
Tell the friend to dump the bitch. Let him watch how easily she gets another man to simp for her.,Ce wa abokin ka ya rabu da karuwar nan raga sai ka kalli yanda zata samu wani yana mata bauta.,Yes
Women are the biggesy gaslighters and they’re only mad now that men learned from them.,"Mata sune masu yawan share jama'a da wulaƙanci, yanzu ran su ya ɓaci saboda maza sun koyi hakan daga wajen su.",Yes
,"Molewar Kan Jarirai | Laifin Ungozoma Ne?

Ta wace hanya za a kauce wa matsalar?

Sau da yawa, idan mutane suka ga yaron da kansa ya ɗan mole ko ya taɓe daga goshi ko ƙeya sai su ce wai laifin ungozomansa ce da ba ta daidaita kan yadda ya kamata ba. Sai dai, wannan magana ta yi hannun riga da binciken masana. Domin ƙoƙon kan jarirai an haɗa shi ne da ƙasusuwa masu faɗi guda bakwai, waɗannan ƙasusuwa suna haɗewa kuma su yi ƙarfi har su bayar da cikakkiyar siffar ƙoƙon kai a cikin watanni shida. 

Saboda haka, kan jarirai na iya canja sifa idan aka samu ƙarancin lura yayin raino, musamman a watannin farko bayan haihuwa. 

Me ke kawo kan jarirai ko yara ke molewa, taɓewa ko kusurwa daga goshi ko ƙeya?

Daga cikin matsalolin da ke haddasa wannan matsala akwai matsalar nan da a ke cewa ""Positivesitional Plagiocephaly"" a turancin likita. Wannan matsalar sifar ƙoƙon kai tana faruwa ne sakamakon kwantar da jarirai a bayansu tsawon lokaci ba tare da ana jujjuya su ba. Sakamakon ƙoƙon kan jariarai bai gama yin ƙwari sosai ba, wannan ya sa ƙoƙon kansu ke da haɗarin yin kusurwa.

Daga cikin alamun sun haɗa da:

1] Molewa, taɓewa ko kusurwar ƙoƙon kai daga ƙeya.

2] Saɓawar kunnuwa; ta yadda idan aka kalli kan yaro ko jariri daga sama za a ga kunnen ɓarin da ke da matsalar ya zarce gaba zuwa fuska fiye da na ɗaya ɓarin.

Wannan matsala an kasa ta zuwa : Mafi ƙaranci, matsakaiciya da kuma mafi tsanani.

Amma wannan matsala ba ta shafar aiki ko lafiyar ƙwaƙwalwa, sai dai matsalar sifar ƙoƙon kan kawai.

Abubuwan da ke iya janyo wannan matsala:

Bayan kwantar da jarirai tsawon lokaci a bayansu ba tare da ana jujjuya su zuwa hagu, dama ko rib-da-ciki ba.

Akwai abubuwan da ke ƙara haɗarin samun molewar kan jarirai kamar haka:

1] Ƙarancin ruwan mahaifa yayin goyon ciki.

2] Ƙuncin ƙugu ko mahaifar uwa.

3] Ɗaukar cikin tagwaye, ko fiye da haka.

4] Ɗaurewar tsokokin gefen wuya da ke kawo noƙewar wuyan jariri zuwa gefe guda wato ""muscular torticolis"", da dai sauransu.

Yadda za a magance faruwa matsalar.

Abin yi shi ne da zarar an haifi jariri to lalle ne a ɗinga lura da yanayin kwanciyarsa. 

Misali:

a] A riƙa zuya shi daga kwanciyar rigingine zuwa kwanciyar [magirbi] gefe; wato hagu ko dama ta hanyar tokarewa da naɗaɗɗen tawul ko zani. Ko kuma kwanciyar rib-da-ciki, amma a yayin kwanciyar rib-da-ciki akwai buƙatar ƙara lura da kuma sanya ido sosai. Domin kada hancin jariri ya toshe ya hana shi numfashi.

b] A ɗinga canja gurbin kai da ƙafafu, misali, idan yanzu kan jariri yana Gabas, to sai a juya ya koma Yamma. Hakan nan daga Kudu zuwa Arewa.

c] A rage yawan lokacin da jarirai ke ɗauka a cikin kujerar raino ko keken raino.

d] A ɗinga jujjuya kai ko fuskar jariri daga wannan ɓari zuwa wancan ɓari.

Idan iyaye ko ungozomomi za su lura da waɗannan shawarwari za a rage afkuwar wannan matsala.

Sai dai, idan kan yaro ya wuce fiye da watanni uku bai koma daidai ba, ko kuma akwai jinkirin matakan girma, to akwai buƙatar zuwa asibiti domin ganin likita.

Bugu da ƙari, idan kin lura jaririnki ba ya son kallo ko juya kansa zuwa wani ɓangare, ko kuma idan aka yi ƙoƙarin juya fuskarsa zuwa wani ɓangare yana kukan ciwo, to akwai buƙatar ganin likitan fisiyo.

#DeformationalPlagiocephaly

#CephalicIndex

#DifferentialCraniosynostosis

#MuscularTorticolis

#Craniometry

#HelmetTherapy

~~Physiotherapy Hausa",No
"Eh, I've actually been messing around with a chick that runs HR. She asked fewer questions then any chick I've dated before. It seems like the ones that make the least amount of money ask the most questions","Eh, a gaskiya na yi hulɗa da wata mace ce ke kula da sashen HR. Ta yi tambayoyi kaɗan fiye da kowacce mace da na taɓa yin mu’amala da ita a baya. Yana da alama cewa matan da ba sa samun kuɗi sosai ne ke yin tambayoyi da yawa.",Yes
,"ko kun san amfani da magungunnan gargajiya barkatai da mata ke yi daf da aure na janyo matsaloli kafin aure da bayan aure( KAYAN MATA).

Babu laifi idan kunyi amfani da maganin sanyi idan likitoci sun tabbatar da hakan a ilmance, amma amfani da KAYAN MATA KO KUMA MAGUNGUNAN DA MAZA KE AMFANI da su Kafin aure na janyo matsaloli ta bangaran lafiya da kuma zamantakewar aure, Yin hakan nada matukar illa. 

Amma mu tattauna wannan batun a ilmance, Amma duk wanda baida abun faɗi ya yi tsit da bakinsa.",No
,"Yadda ""Yan Sana'ar Acaba Suka koma shiga irin na Sojoji a domin badda Kama Suna aikinsu na acaba a Tsakiyar Birnin Legas.""",No
,"KABIRU GAYA: Sanatan Da Ya Fi Kowane Sanata Aiki, Amma A Babbar Riga

Daga Auwal Aminu Gaya",No
,Dan Allah Mae amfanin lesbian mata acikin 100% sae kinsamu 70% duk yan lesbian ne,No
and when the women get angry and resentful at this arraignment just call them entitled bitches and princesses! Women should love doing free labor without any respect!,"Bayan ta yi maka irin wannan rashin amana, za ka sake gayyatar ta gida? Ina iya tunanin dukkan matsalolin motsin rai da za ta ci gaba da yi don ta samu damar komawa cikin kyakkyawan hali ga wannan namijin da abin ya same shi.",Yes
I said in my family dude not every fucking black guy in the world 😂😂. If they blame women they are weak bitches.,"Na ce a cikin iyalina ne, ba kowanne baƙar fata a duniya ba. Idan suna ɗora laifi ga mata, to su ne mutane masu rauni da rashin ƙarfi.",Yes
,"SIYASATA2023💪

ALKIBILATA2023✊

JAGORANA2023🙏

ALHERI GAYA♥",No
Lots of women have sadistic tendencies when it comes to low status men and enjoying toying with them. I noticed that once I put my foot down instead of just “ignoring it” (being a pussy) they stopped with giving me shit.,"Wasu ma iya nuna halaye na raini  mazan da basu da abin hannu kuma suna jin wasa da hankalin su, na lura cewa tun lokacin da na fara ɗaukan mataki na bar share abin, sai suka bar raina ni.",Yes
I have a right to hate these types of couples. This is why if I get an arranged marriage I will have to abort my daughters.,"Ina da ikon da zan tsani irin waɗannan ma'auratan, shiyasa idan aka min auren dole ba zan haihu ba.",Yes
,"Kuxo kusiya new Umbrella Design 💃💃💃
At affordable price muna aikawa ko ina 🚘🚓",No
,Shin yakikai iya fadawa mijinki kina da cinkin fari,No
,"✨✨✨✨KOFIN SHAYI✨✨✨✨

Muna zaune ni da abokina muna kurɓar shayi a cikin shagon sayar da shayi, a wani gari a wata ƙasa da ke cikin ƙasashen Turai, sai ga wani mutum ya shigo. Ya ce wa mai shayi, ""zuba kofi biyu na shayi, ɗaya a nan ɗaya a bango.""

Sai muka ga mai shayi ya zuba kofi ɗaya ya kawo wa mutumin, da ya shanye ya biya kuɗin kofi biyu. Mai shayi ya rubuta 'kofin shayi' a jikin 'yar guntuwar takardar ya manna a jikin bango.

Kafin mu tashi kuma sai ga wasu mutum biyu mace da namiji, sun shigo. Suka ba da oda, ""kofi uku na shayi, biyu a nan ɗaya a bango."" Suka biya kuɗin kofi uku, aka kawo musu biyu. Mai shayi ya ƙara liƙa wata takardar a jikin bango. Da muka gama, muka biya kuɗi muka tafi muna al'ajabin wannan abu.

Bayan kwana biyu, ran nan sai na koma shagon shayin nan ni kaɗai. Ina zaune sai ga wani tsoho gajiyayye ya shigo. Ya samu wuri ya zauna, ya dubi bango ya ce wa mai shayi, ""ba ni kofi ɗaya na shayi daga bango.""

Mai shayi ya zuba masa, sa'annan ya cire takarda guda daga jikin bango ya muttssuke ya jefa a cikin kwandon shara. Mutumin ya shanye shayinsa ya fita ba tare da ya biya ko sisi ba.

Wannan abu ya ba ni sha'awa ya kuma birge ni har ya sa ni zub da hawaye. Mutum ya taimaki mutum ɗan'uwansa. Wanda ya yi taimakon ba ruwansa da sanin wanda ya taimaka, haka wanda aka taimaka bai san wanda ya taimake shi ba. 

Na ce a raina, me zai hana mu gwada irin wannan a ƙasarmu? Ko ba komai, ai Musulunci ya karantar da mu irin wannan. Ku yi kyauta ko sadaka da hannun dama ba tare da hannun hagu ya sani ba.

SADIQ KABIR 
20/07/2022",No
,"ZAN SAKA LINK DA SAFE INSHA ALLAH

ABUN FIRST COME NE FIRST SARVE

CHAIII💃💃 har Ina irgo wacce ta fara nawa zata samu

Wato ainihin wacce tazo na farko haka zamuyita lafta mata mutane

Kuma duk mutum daya za a baki wasu maqudan kudi, after an bashi kaya hadaddu na daidai kudin shi

Kuma kayan ma muna taimakama wacce nata yayi bandaro mu sayar tare🤣🤣🤣",No
,"Idan Kaji ana kiran sa “Dakta “ Yana fankama kullum yawo da Lab coat to ka bincika Health Technology yayi Difiloma…😂
🏃🏽‍♀️🏃🏽‍♀️🏃🏽‍♀️",No
"That's because ugly women are more insecure and less confident. They will have self doubts and not be used to guys hitting on them, hence the strange reactions.","Dalilin hakan shine munanan mata basu da ƙwarin gwiwa. Suna da shakku akan kawunan su saboda maza basu saba tsare su ba, shyasa suke yin abu wani iri .",Yes
"Her """"feels"""" make her incapable of stepping back and evaluating the data and implications. After all, she's a Strong Woman.","Abubuwan da take ji na iya hana ta duba bayanai da sakamakon su cikin natsuwa da hangen nesa. Duk da haka, tana kallon kanta a matsayin mace mai ƙarfi.",Yes
Well apparently it’s because of the “Patriarchy” because men bad and men oppressed women by “keeping them at home to cook and care for the household” while men literally went out to face danger and die in wars…,"A cewar wasu, hakan yana faruwa ne saboda tsarin zamantakewa da ya fifita maza. Ana zargin maza da zaluntar mata ta hanyar hana su fita waje, tare da tilasta musu zama a gida domin girki da kula da iyali. A lokaci guda kuwa, maza ne ke fuskantar haɗari da mutuwa a filin yaki da sauran al’amuran wahala.",Yes
"I hate that expression - """"Happy wife, happy life"""" because it suggests that a man should just do what his wife tells him to do or she will make his life unhappy. Of course, that is true in many marriages in the West.","Ban son wannan karin magana na “Matar da ta farin ciki, rayuwa ma za ta yi kyau” — domin tana nuna cewa namiji ya kamata kawai ya bi umarnin matarsa, in ba haka ba za ta takura masa a rayuwa. Tabbas, hakan yana faruwa a auratayya da dama a ƙasashen Yamma.",Yes
,"We all have our fLaws but komai se se se se.
Me Ke sakawa ya shiga mood din kuma me Ke sa ya fita?
I will suggest he sees a therapist even though Arewa bama ba therapy mahimanci .",No
,"kudinsu akeso sauran naji wata tace scammer, zangyarata
07034726475",No
,"Bakai Kabiya Mata Kudin Makaranta Ba,Ba kai Kanema Mata Aiki Ba,
Kuma Kana Sa Mata Ido Akan Salary Ta,Baka Da Gaskiya Yallaboi.

In Namiji Yabiya Miki Kudin Makaranta Kuma Yane ma Miki Aiki Toh Yakamata ki Dauke Masa Wani Abu Daga Cikin Hidiman Gida.

Duk mace Mai Hankali Wadda Tasan Yakamata Idan Tadau Salary Zata dauke Wani Abu Acikin gidan ba sai mijin ya miki magana ba. Ko Bashi Yabiya Miki Kudin Makaranta ba.",No
,"Alhamdulillah! Alhamdulillah!! Alhamdulillah!!!

Muna godiya da addu'oin ku chikin daren jiya an kama motar da aka sace a katsina ta wani Alƙali Justice Ashiru a Maradi ta Jamhuriyar Nijar.

Allah ya kyauta gaba ya ƙara tsare dukkanin Musulmi daga faɗawa cikin wannan Ibtila'in na Ɓarayi Amin",No
,"#Copied

Wai Da gaske ne idan kana shan maniyyi zaka yi kiba, don Allah banda zagi.",No
,"Za a ji jiki idan aka ci gaba da yajin aiki'

Ita ma Bilkisu Sani Yero wadda malama ce a Jami'ar Jihar Kaduna, ta shaida wa BBC cewa kamar yadda ASUU ke taimakon wasu malamai, haka a jami'arsu ta Kaduna su ma suna da wata 'yar karamar kungiya wadda tana tallafa wa malamai.
Ta bayyana cewa dama ba dabara ba ce mutum ya zauna ya ce ya dogara da albashi kawai.
""Ko babu yajin aiki wani lokaci mutum zai iya samun wata matsala ko daga banki ko wurin biyan albashi ya maƙale ya dauki wata da watanni, dole a ce mutum yana da wata hanya da ke kawo masa kudin shiga,"" in ji Malama Bilkisu.
Sai dai ta ce idan aka ci gaba da wannan yajin aikin na tsawon lokaci, lamarin ba zai zo da sauki ba kuma jama'a da dama za su ji jiki.",No
,"aslm dan allah wacesurace akerubutawa awanke dansamun ni,ima kumaya akeyi",No
,"dama munfi gane shigar dare saboda Yan sai'do, 
Ina tsoron Allah, Ina tsoron sai'dawa 

Ku daure kusamu kwallon Tunfafiya, a tsunko Tsamiya guda 17 sai a haɗa da saiwar bishiyar Kuka, a shanyasu su bushe, sai'a haɗasu waje guda a kwana 7 ana dakasu.

Asha da koko ko a kunu ko a nonon shanu ko kunun aya ko zobo. Sai dai wlh magana ta gaskiya bansan maganin menene ba, kila yayi maganin basir ko na shawara, amma fa ƙila-wa-ƙalane banda tabbas. 🤔🙄",No
,Yan Pi fa babu bacci … 😂😂😂,No
,"Yawwa ga link kuyi joining

Kafunnan pls ki sani kasuwancine na hadin gwuiwa, bawai kawai kina kwance za, a fara biyanki ba, kayane kusan na dikkan matsalolin mu maza da mata, zaka sayar kuma ana biyanka, bawai na mutaccen zuciya bane, kar kice wai ba cuta? 

Ta ina cutar zata futo ba yan kayan iya yawan kudin ki za a baki

Taimako daya zamu miki shine mu tayaki saidawa, in ana nema garinku kuma ba qyashi mu bada number nki, aikin team work ne, Already mun saida ma wasu, abun dadin kayan sunada matuqar aiki, saida muka gwada muka fara, kinga fannin tunbu, basir, matslolin aure wayyyo wlh a rana daya in ta dauro zaki saida kayan, kuma su in kin saida musu da kayan 120k in kinso ba sai kin kuma sayarwaba, balle ma nasan zaka qara sabida duk wanda ya saya zai dawo, 

Kuma zamuyita sa muku mutane qasan wayanda suka fara yi 👌 
In zamuyi yes zamuyi in bazamuyiba bama fada

https://chat.whatsapp.com/HN9mDaqq2s2LW5AKCFSjfS",No
,"WALEED DAN KHALID....

Ba ina magana a kan gidan Sahabi bane ina magana ne kan gidan Sarautar Saudiya bangaren Zallar kudi wato tsatson Talal, Ba sarauta suke ba su kudi suke mulka suna can sama a kullun a rukunin masu kudin duniya...
A cikin wannan Zuria ne aka sami Waleed dan Khalid dan Talal wato dan kanin me kudin duniyar nan kuma takwaransa Walid Bin Ralal, wanda a yanzu sunansa ya rikide ya zama Yarima me dogon bacci.. ko the Sleeping Prince a turance....
Abu kamar tatsuniyar Botorami da Gimbiyarsa a The Sleeping Princess. Sai ga abu na faruwa a gaske... Inda wata rana a shekarar 2005 Yariman yayi mummunan hatsarin mota a kasar Ingila inda a wata majiyar aka ce yana tsabar tsere ne a wani kaulin aka ce wajen horon aikin kimiyyar soji ne.
A tun wancan lokacin likitoci suka sallama cewa duk da Yarima yana nunfashi amma ba rayayye ba ne domin kwanyarsa ta cakude da jini don haka a duk lokacin da suka cire Naurari janyo iskar nan ta Ventilator to fa a shirya ruwan wankan gawa da likkafani. Amma babansa ya kekashe kasa ya ce sam, da hannunsa ba zai iya amincewa a cire abinda zai karasa nunfashin dan nasa ba, da haka gara dukiyarsa ta kare yana sayawa dan nunfashin hadin dan Adam har a ga Ikon Allah. 
Wannan ikon Allah ake jira har tsayin shekaru 14 inda Likitoci suka kara tabbatar da cewa babu fa saura ga wannan bawan Allah domin jinin da ke tsattsafowa ta huhunsa ya kasa tsayawa, inda a shekarar 2020 matsin lamba da fatawoyi na addini suka tilasta wa fadar Saudiya amincewa da cewa wannan Yariman fa ya mutu har a musulunce don haka su yadda da kaddara... Kuma da haka aka dena ganinsa a asibiti amma kwatsam a shekarar bara sai ga labarinsa na sake dawowa inda ake cewa ai har yanzu iyayen basu sallama ba, sun kwashi abinsu sun kai shi gida inda aka tara likitoci na kuLawa da shi a kan gadonsa na jinya ko na bacci Idan haka ne, to zuwa yanzu Yarima me bacci yana daf da lashe shekara 17 a wannan yanayi da bai taba barin gadonsa ba tsawon shekara 17! Hana rantsuwa Camera me tsaron lafiyarsa ta nuna shi wata rana ya juya kansa daga dama zuwa hagu, Kazalika ranar da wata Gwaggonsa ta je gaishe shi cikin tsananin kauna an ga yatsunsa sun mata gaisuwa har sai 3...
Yarima Me bacci baya mallakin komai ban da Nunfashin da shi ma na kasuwa ne ake sayo masa.
Idan har Yarima bai tashi ba to fa an tafka asarar Bilyoyin daloli cikin jiran gawon shanu, Idan kuma ya tashi to akwai yiwuwar bai san wata waya ban da BlackBerry ba, bai san duniya ta wuce 3g, ta wuce 4g har ta iso 5G ba. Watakil ya tashi yana kokarin a sayo masa faifan CD maimakon ya kunna Smart TV ya shaki kallon duk abinda yake so.

Abin tambaya anan shine shin wannan YADDA DA KADDARA NE KO KUWA SAUYA KADDARA?",No
,"Yau Ranar masu bleaching ne👌👌

Fadi sunan man (cream) da kike shafawa, idan kika ga me irin naki sai ku kulla zumunci😎🙄🤣",No
,Soja ga mata fa Allah yabaka inkanaso dm me,No
"But when women speak, that does mena they are lying.",Amma lokacin da mata ke magana haka baya nufin ƙarya suke.,Yes
seeing how clams of women beating are fake im not buying that + 90% of domestic abuse is perpetrated by females not males. As for the leaking an banning I believe that.,"A ganina, bayanin mata game da cin zarafi gale ba zai zama abin karɓa ba; kuma da yake akwai bayanan da ke nuna cewa ƙashi mai yawa na cin zarafi a gida ana yi ne ta mata, wannan yana barin ni da zargin cewa akwai rashin gaskiya a waɗannan zarge-zargen",Yes
,"IDAN KUN TASHI NEMAN AURE. 
-
Ku nemi taimakon Allah abubuwa uku game da abokanan aurenka. 
-
🕳️Ku nemi taimakon Allah ya haɗaku da waɗanda zasu dinga tunatar daku Allah. 
-
🕳️Ku roƙi Allah domin haɗaku da waɗanda zasu riƙi hannayen ku izuwa aljannah. 
-
🕳️Ku nemi taimakon Allah wajen haɗaku da waɗanda zasu ƙar-fafi imaninku. 
-
""Ba kyawun fuska zaku nema ba, ba kuma tarin dukiya ba, waɗannan duk masu shuɗewa ne tun a nan doron ƙasa""
-",No
"Feminists are all about choice, until women actually exercise that choice and choose not to drink the koolaid. Then watch them lose their shit. New feminism light, all the choice but none of the accountability!!","Rajin kare hakkin mata zaɓi ne, har sai mata sun yarda ba zasu zaɓi hakan ba. daga baya ka gansu sun rasa makama. A sabon filin, zaɓi ne kawai amma babu ɗaukar alhaki.",Yes
... this is the end result of riding the cock carousel. Few women leave it unscathed.,"..... wannan shine sakamakon hawa kan azzakari don jin daɗi, zai yi wuya mace ta sauƙa ba da wani tabo ba.",Yes
,"Kyautar miliyan 3 ga duk Wanda ya kawo cewa Atiku ya taba Siyan Kayan Gwamnati 

Kyautar Naira miliyan Uku Cur; ga duk Wanda ya kawo Mani cewa! Atiku Abubakar Ya taba sayarwa da Kansa Kadarorin Gwamnati a lokacin da yake mataimakin Shugaban Kasan Nijeriya."" 

""Hon. Billy Nwoye ya Saka wadannan maudan kudaden, Allah ya bada Sa'a, Sai a bazama bincike.""",No
,Dan allah masu irin dogayan dinkuna na atamfa mei irin design dinnan yataimaka yaturoman nagode,No
,Aslm Yan uwa ataimaka da styles na dinkin atamfa da lace ugently pls zankai dinki,No
"Yeah this happens every time. She NEVER gives anyone else that stare except me. Idk what to make of it. Separate issue, but I’m still into her, but I keep bitching out from talking to her","Eh, haka na kan faru kullum. Ba ta taɓa kallon kowa da irin wannan kallo sai ni. Ban san abin da zan fahimta daga hakan ba. Wani batu daban kuma shi ne, har yanzu ina jin daɗinta, amma kullum sai na kasa karasawa wajen fara magana da ita.",Yes
"I have had my current dog for over 12 years, not once has she fucked anything of mine up, hell she is very respectful of everyones stuff. Ahh if only women could be even 1/1000 like my dog.","Na rike kareta na yanzu fiye da shekara 12, kuma ba ta taɓa lalata min ko da abu ɗaya ba. Gaskiya tana girmama kayan mutane sosai. Ah, da dai matanmu za su iya yin kashi ɗaya cikin dubu na irin halayenta na ladabi da biyayya.",Yes
,"Akwai wata Rukayyatu Ahmad tanata talla da pics dina 
Ni nadauki pics dina da kaina mu biyu muke Amfani dashi nida Kanwata Meener Bashir amma wannan bansantaba karku tura mata kudinku banida Alaqa da ita",No
"It’s harder to prey on women when they are in a car. On foot or on public transport, they are fair game for some of his co-religionists","Yana da wahala a samu galaba akan mata idan suna cikin mota, ko suna ƙafa ko kuma motar tafiya na jama'a, wasan yayi daidai ma wasu 'yan uwan ta na addini.",Yes
Those women are pro-rape. They didn’t care about your consent. You need to publicly shame them and ruin their lives.,"Waɗancan matan 'yan fyaɗe ne, babu ruwan su da jiran ra'ayin ka. kana buƙatar cin mutuncin su ka lalata rayuwar su.",Yes
No. Never. There was a post here not too long ago where a doctor married a female doctor. Guess what? She became a fat parasite and refused to work shortly after getting married. Don't do it.,A'a har abada. akwai wani rubutu da na gani bada jimawa ba na wani likita da ya auri mace likita ka san me ya faru? bayan sunyi aure ta zama lutiya sannan ta ajiye aikin. kar ka aikata haka.,Yes
,"BBC Hausa KENAN

Haka kawai muna zaune lafiya suka bijiro da wannan batu don neman sake tayar da wata masibar tare da neman janyo zagi ga Musulmai

To amma munyi tsammani BBC Hausa zasu yiwa Musulmin duniya adalci a wannan rahoton nasu, su kawo bayanin abinda Musulmin duniya suke ji na tsananin bakin ciki da damuwa a duk lokacin da aka taba martaban Shugaban duk duniya Fiyayyen Halitta (SAW)

Yaa Allah mun kawo karan BBC gareka, Yaa Allah duk yatsun da yayi typing wannan rubutun a shafin BBC Ka nuna masa aya kafin ya bar duniya ko ta bar duniya",No
,"Ziyara ce ta girmamawa na kaiwa Sheikh Nazeefi Al-Karmawi har gida. Mun yi hira sosai cikin jin dadi da annashuwa sannan kuma da zamu rabu yayi mun Addu'a. 

Hakika, ina godiya sosai bisa karamci da mutuntaka.

Abba Na Abba 
21-07-2022",No
,"Ku bata shawarA

..........

Aslm Ina yini ya kokari damu in so Yan ad subani Aya da hadisi 
Wanda ke magana Zina kafin aure, saurayina ya kasancge ya na romance dani ,ni kuma ban so saboda nasan Shima Zina m
Ne wallahi Kuma aduwana fashi bakai ko wata biyu bah Kuma duk Yan uwashi sun sanni fashi, please kubani shawara ban da zagi pls hide my I d please",No
,"DUK DUNIYA BABU KAMAR IYAYE

🌻🌻🌻🌻🌻🌻🌻🌻🌻🌻🌻🌻🌻🌻

Hakika mahaifane kadai cikakkun masoyanka na hakika. Idan suka ce I LOVE U toh har cikin zuciyarsu hakan abun yake komi girman jaffa'in da kake jawo musu kuwa.

In pictures Below Every morning these Vietnamese parents carefully enclose their son in a plastic bag so his dad can carry him across the river to school so he can stay dry, and after school his dad gets him home the same way😰

💎💎

Hoton wasu mahaifa kenan a wani yanki na kasar VIETNAM dake can saitin china inda take makwa6taka da kasashen Indonesia, Philippines, Australia da Malaysia.

Mahaifan Saboda son ganin dansu ya sami ilimi duk da karamin karfi da talaucinsu ahaka kullum uwar ke tashi ta dafa masu ruwan wanka sannan su rakosa bakin ruwa🏊‍♀️ ya rike uniform dinsa ahannu. Su saka yaron cikin leda mahaifin ya damke bakin ledar cikin nutsuwa yadda iska zatake dan shigawa yaron sannan ya shiga wannan kogin mai fadi tare da zurfi tunda babu hanyar ketarewa dole saide ta ruwan zuwa garin da makaranta take can nesa dasu.

Haka zai shiga ya ketare dashi zuwa makaranta don kar ruwa ya jikasa ko ya hadu da wata larurar tunda ba wata hanyar yin ilimin saita haka. in sunje ga6a sai yaron ya cire kayan jikinsa yasa na makaranta. Kullum haka zai shiga ya kaisa, Sannan lokacin tasowa haka zai koma ya daukosa😭 Allah kasa sui tsawon cin kwana su mori ribar abunda sukai masa👏

Burinsu kurum dansu yai ilimi ya sami rayuwa ingantacciya domin kar yasha irin wahalar da suka sha arayuwa😢 Allah sarki. Iyayefa kenan.

Shyasa babu mai wulakanta iyaye, ko 6oye sunansu dan kurum talakawane, ko kuma 6oye cewa sune suka haifesa dan wata larura da suke da ita, ko 6oye gidansu na ainishi SAI wanda yake wulakantacce ko wulakantacciya wadanda basusan girma da darajar mahaifa ba.

Mahaifinka komi talaucinsa da muninsa ya fi Dangote. Haka mahaifiyarki ko le6enta na sama baya haduwa dana kasa tafi Maryam Abacha agunki. Ba wanda ya za6i inda Allah zai yishi ko ya ajesa! Allah ne da kansa ya za6ama su kagako saikai godiya bakasan hikimarsa kan haka ba.

Ka duba su irin wancan gidan da kake kwadayi su abinci saide yar aiki tai musu suci, kaikuwa naka iyayen da hannunsu sukema kaci. Ka gayan wa yafi morar iyaye acikin kai dasu??

Allah ka jikan iyayen mu. Inde kaga wannan Positivest din inaso a yanzu ka fuskanci mahaifanka matukar akwai wanda yake raye kace Baba ina kaunarka ko mama ina kaunarki. Inma suna nesa kirasu awaya ka gaishesu ka fadamusu kana kaunar su zasuji dadi....Inbasa raye daga hannunka ayanzu kai addu'a kyakkyawa agaresu👏🏻 nima bari na nemo nawa kam___📲 ........🚶‍♂️

Allah ka jikan mahaifan mu kai musu gafara da rahama kamar yadda suke nuna jin qai, tare da tausayi agaremu. Allah ka basu Aljanna.

",No
,"Akwai Wata Addu'a Da Manzon Allah Yayi Mai Zafi Game Da Shugabanni, Inji Marigayi Sheikh Ja'afar

Ya ɗaga hannu a ɗakin Mumina A'isha Ya ce;

""Ya Ubangiji duk wanda ya jiɓinci lamarin al'ummata, ya shugabance su, in yayi musu sauƙi sunji daɗin gudanar da mulkinsa bai zaluncesu ba, ya Ubangiji ka sauƙaƙa masa! Ka sauƙaƙa masa!! Ka sauƙaƙa masa!!!""

Sannan kuma ya ce;

""Ya Ubangiji duk wanda ya shugabanci al'ummata, kuma ya jefa su cikin ƙunci, cikin halin ƙaƙa-nikayi, ya Ubangiji ka ƙuntata masa! Ka ƙuntata masa!! Ka ƙuntata masa!!!""

ALLAH ka bawa shuwagabannin mu ikon saukaka mana don su rabauta da addu'ar fiyayyen halitta wadda bata da shamaki a wurin SAMI'UDDU'A.",No
,"-Yazo A Cikin Littafin BIHARUL ANWAR Juzu'i Na 42 Shafi Na 189, Cewa: Wata Rana Imam Ali (AS) Yana Zaune A Cikin Masallaci, a Tare Da Shi Kuwa Akwai Wasu Jama'a Na Sahabbai, Sai Suka Ce Dashi: Ya Ali ka Bamu Labari Daga Kalamanka Masu ilmantarwa. 

-Sai Imam Ali (AS) Yace Dasu: ""Ai Maganata Nauyi Ne da ita! Ba Masu Fahimtar ta Sai Masana. Sai Suka Ce mu Dai Ka Fada Mana Zamu Fahimce ka.

-Sai Imam Ali (AS) Yace Da su: To mu Shiga Cikin Gida, Sannan Yace Musu: Nine Na Daukaka Kuma na Rinjaya, Ni Nake Kashewa Kuma Ni Nake Rayawa, Nine Na Farko Nine Na Karshe, Kuma Nine Zahiri Nine Badini!.

-Sai Duk Sahabban Suka Fusata! Suka Ce Wannan Ai Kafirci Ne, Siffofin Allah Zaka Bawa Kanka! Suka Zabura Zasu Fice Daga Gidan, Sai Imam Ali (AS) Yace da Kofar Gidan Ta ufe Kar su Fita! Sai Kuwa Kofar ta Rufe Dasu Ruf!

-Sai Imam (AS) Yace Dasu: Da Man Ai Nace Daku Maganata Nauyi Ne Da ita, ba Masu Fahimtar ta Sai Masana. 

-Kuzo in Fassara Muku me nake nufi: Da Nace Nine na Daukaka Na Rinjaya! Ina Nufin Nine Na Daukaka A Saman ku Lokacin Kuna Mushrikai Kafirai, Na Kuma Rinjaye ku da Takobina Har ku Kayi Imani da Allah da Manzonsa.

-Fadar Dana yi Na Cewa: Nine Mai Kashewa da Rayawa! Ina Nufin Nine Na Kashe Bidi'a Na Kuma Raya Sunna.

-Cewar Da Nayi Nine Na Farko Kuma Nine Na Farko! Ina Nufin Nine Na Farkon Imani da Allah da Kuma Mika Wuya Agare shi.

-Cewar Da Nayi Nine Zahiri Kuma Nine Badini Kuwa! Ina Nufin Na San ilimin Zahiri, Kuma Na San ilimin Badini. Sai Duk Sahabban Suka ce: Kai Amma fa ka Faranta Mana! Kai ma Allah Ya Faranta Maka Ya Ali (AS).

-Muhammad Jiddah Nguru.
07037009525",No
,"Comrd Isa Auwal Shine Gwarzon Mabiyin Shafin RARIYA Da Muka Zakulo A Wannan Karo

Ya kasance madubi ga wasu jama'ar yankinsa da ba su da ikon mallakar babbar waya, wanda idan suna bukatar labaran RARIYA wurinsa suke zuwa ya shiga musu cikin shafin na RARIYA da wayarsa domin samun labarai, don haka muna yi masa fatan alkairi.

Masu karatu kada ku manta za mu dinga zakulo daya bayan daya muma dorawa, don haka a cigaba da hakuri layi zai zo ka kowannenku.",No
,"SINADARAN MUTUWA...
Ka hada Talauci da gasa da kishi wuri daya ka dora akan zuciyarka...inshaAllah cikin wata uku bukatarka zata biya... zaka mutu hankali kwance ba tare da an sami Likitan da ya iya cetonka ba, ba kuma tare da an sami malamin da ya ce ka kashe kanka da kanka ba...Ga masu neman mutuwa a jarraba wannan don mujarrabi ne😆😆😆",No
,"Mafi yawan lokaci masu kokarin wai zasu tabbatar da samuwar Allah a hankalce sai kaga sun buge da sawwara irin NASU Ubangijin da suka yi IMANI akwaishi bisa tunanin su, wani lokacin zaka ga har suna saɓawa da abubuwa da aka ruwaito a litattafan su, a yunkurin su wai na tabbatar da samuwar Allah a hankalce. Misali zaka ji suna cewa 'Ubangij bashi da farko saboda shi (Al-azalu) ne, domin duk abinda yake da farko zai yi ƙarshe dan haka shi baida farko' shi ba halitta bane, shine ya ƙagi halitta shi unmoved mover ne, wanda ya farar da komai, bla bla bla... Kuma sai ka samu a kur'ani an ce, wuta da aljanna zasu dawwama har abada, kuma a ɓangare guda ance suna da farko, sai kaga maganar tasu ta saɓa ma da Kur'anin a yunkurin su na tabbatar da samuwar Allah a hankalce. domin suna cewa duk abinda yayi farko zaiyi ƙarshe ga kur'ani kuma yace wuta da aljanna sunada farko amma basu da ƙarshe!

A haka zaka ga suna ta tubka da warwara wanda daga karshe zaka ga sun dawo suna faɗar yadda suke son Ubangijin ya kasance bisa imanin su maimakon hujjoji na hankali da suka yi ikirarin zasu kawo, kuma wai so suke mutane su dauki imanin nasu a matsayin hujja. A bisa wane sharaɗi Ubangiji ya zama bai da farko? kuma wacce hujja ce take nuni da cewa shi yayi halitta—wace hujja ce ma take nuna akwai shi kafin ma azo batun cewa baida farko, ko yadda akayi ya samu?.

Idan aiki za'ayi da hujja abu na farko da masu ikirarin samuwar Allah zasu yi, shine tabbatar da samuwar shi tukunna, su tabbatarwa da masu hankali cewa akwai shi bisa hujjoji yankakku ta yadda babu wanda zai yi shakka kan samuwar shi kamar yadda babu wanda yake yi kan samuwar Rana ko iskar da yake shaƙa. Bayan kowa ya tabbatar da cewa eh, akwai shi, sannan sai ayi maganar yaya akayi ya samu, anan ne za'ayi maganar asalin sa, yana da farko ko baida shi bisa hujjoji na zahiri, daga nan sai a tafi batun neman hujjojin da suke nuna shine yayi halitta.

Ba kawai mutum ya daka tsalle yayi iƙrarin akwai wani abu mai suna Allah da ya halicce mu bá, kuma sai ace babban hujjar da take nuna akwai shi ita ce samuwar mu, wannan shine abinda philosophers suke kira da 'circular argument' 
Misali kamar mutum ne ya samo ka yace ai daga Ingila yake, kuma sun kasance tare da wani Bature kuma wannan bature shine mahaifin ka. Da ka tambaya 'wacce hujja ce take nuna akwai wani bature da suke tare a Ingila?', sai wannan mutumin ya baka hujja da cewa 'saboda shi ya haife ka'.

To wannan yayi daidai da hujjojin da masu addinai ke bayarwa, bayan sunyi iƙrarin samuwar Ubangijin da suke iƙrarin shi ya halicci komai, idan an tambaye su hujja sai suce 'saboda shi ya halicce ka, ko kai kayi kanka?' suna kara maimaita iƙrarin su na farkon a matsayin hujjar iƙrarin nasu.

1. Cewa akwai Ubangijin da yayi halitta iƙrari ne, mai zaman kanshi da yake bukatar hujja.

2. Cewa baida farko baida karshe shi unmoved mover ne, uncaused causer da sauran su, suma wasu iƙrari ne da suke buƙatar hujja.

3. Cewa shine ya halicce mu shima wani iƙrari ne mai zaman kanshi da yake bukatar hujjoji.

Domin ka fahimta; masu addinai suna yin iƙrari lamba 1 sai su bayar da iƙrarin lamba 2 da 3 a matsayin hujja. Abinda ake kira da 'circular argument'

Shi yasa har yau babbar hujjar da take cigaba da tabbatar da cewa babu Allah shine, rashin kawo hujjar wandanda suka yi ikirarin akwai shi.",No
In my experience women don't recommend guys to their friends. If she doesn't want him then mostt likely other women don't,"A cikin ƙwarewata, mata ba su da yawan bada shawarwarin samari ga abokansu. Idan ba ta so saurayin ba, da yuwuwar sauran mata ma ba za su so shi ba.
",Yes
"Yikes, taking looks for granted while being a white privileged women. I don't envy you.","Kai, kin ɗauki kyan gani a matsayin abin da ya dace gare ki yayin da kike jin ɗaukakar farin fata. Ban yi miki kishi ba.",Yes
"Let's hope that old hag will retire. I hope she can't stand Kavanaugh and every day she's a miserable bitch until she finally says screw it, I'm done.","Ina fatan dattijuwar karuwar nan za ta yi ritaya nan ba da daɗewa ba. Wataƙila rashin jituwa da Kavanaugh yana damunta, kuma kowace rana tana cikin damuwa har ta yanke shawarar cewa lokaci ya yi da za ta janye daga aiki.",Yes
As she benefited from not being required to be registered for draft. Or having to worry about being drafted under threat of gov or social violence. During her whole lifetime. Just shows how spoiled such women are.,"Tunda ta samu dama na rashin yin rajista, ko kuma jin tsoron tuhuma daga gwamnati ko masu kare hakki. a gaba ɗaya rayuwar ta, hakan kawai yanaa nuna sakalta irin sakalcin mata.",Yes
This bitch needs a cup of acid thrown in her face.,Wannan karuwar tana buƙatar a watsa mata kofin asid a fuskar sa.,Yes
"I'm not saying he should have killed her, but I understand.","Ni fa ban ce yakamata ya kashe ta ba, amma na fahimta.",Yes
,"In ji Baba Waziri Net

🙈🙈YAN MATAN FACEBOOK🙈🙈

Wata budurwa a Facebook ta ga hoton wani saurayi ya sha ado sai ta tura masa sako kamar haka:

BUDURWA: ""Barka da warhaka ""Hajji-Murtala"". Wankanka ya birge ni. Kai kuwa dan wane gari ne?""

SAURAYI: ""Ni dan garin Kaduna ne, amma Kano nake da zama a yanzu. Ke fa?""

BUDURWA: 'Yar Kano ce ni. Amma Murtala, wace irin harka kake yi a Kano?""

SAURAYI: ""Bana harkar komai.""

BUDURWA: ""Ke nan dai student ne kai?""

SAURAYI: Eh, a da ke nan; amma tun ina yaro na gudu daga makaranta. Kawai a zaune nake a wani gida. Amma fa kin burgeni.""

BUDURWA: ""Na gode. Ni kuma cikin makon nan aka kawo kayan aurena. Amma fa ina tausaya ma, saboda rayuwa a garin da ba naku ba; kuma ga shi baka da aikin yi.""

SAURAYI: ""A'a, kwanan nan na so na fara wata harka da Miliyan N100 da mahaifina ya bar mun na gado.""

BUDURWA: ""Wow, ni kuma cikin makon nan wani abu ya hada ni da wanda a ke so ai mana aure, don yanzu kam bama tare.""

SAURAYI: ""Ikon Allah baya karewa. Ni kuma makon nan a ka yi gobara a gidan da nake; har da kudina a cikin dakin da wuta taci.""

BUDURWA: ""Wayyo...Allah Ya maida maka da alkairi, na tausaya ma. Ka cigaba da addu'a. Ni ma haka nayi har na samu muka dawo kamar bamu taba samun matsala ba ni da wanda zan aura.""

SAURAYI: ""To ai jakar da kudin ke ciki ba tayi komai ba, don ko sisi bai kone ba. Insha Allahu gobe harka kawai zan kama, in zama dan canji a Wafa.""

BUDURWA: "" Da kyau; Allah Ya rika. Amma ka san abun al'ajabi? Dazu da ka ga na jima ban yi magana ba, sako aka turo mun wai wanda zan aura ya rasu.""
Mata kuji tsoron Allah ku rage son abun duniya
🙄🙄🙄🙄🙄🙄🙄
Kawayena kunji sharrin da aka mana akwai kuskure a zancen nan😎😎😎😎😎 😂😂",No
,"Mutuwar Ali Artwork, Wanda akafi sani da madagwal.

Daga Kamal Aliyu Sabongida

Asafiyar yau asabar ne akayi wayi gari da labarin mutuwar fitaccen jarumi a masana'antar shirya fina-finai na kannywood wato Ali Artwork (Madagwal)

jarumin wanda ya bayyana mamaki da alhini kan ji-ta-ji-tar da ake yaɗawa cewa wai ya rasu a daren jiya,

Ya bayyana cewa yananan cikin koshin lafiya ko ciwon kai baiyi ba, sannan yayi kira ga al'umma dasu guji yada jita-jita musammam ma wanda ya shafi mutuwa.

Allah yasa mudace.",No
,"Slm Yan uwana Yau Monday Natashi daga bacci Ina duba wayata sainaga sakon Positivelice Naci Medical Yan Uwana kutayani, Amma wlh da nacire raina namika wa Allah ragamar kome Sai Allah yadubeni da fiskarsa na Rahama Yasa suka turomin Text suna nemana A Medical Allah nagodema Allah kasa in akwai rabon wasu yau Allah kasa suji sako a wayoyinsu, wanda kuma basu ji sakoba Allah kasauyamusu da Aiki mai albarka, Wadanda sukaji sunansu kuma Allah yasa muji sunanmu a Shortlist na gaba wato na shiga Training Alfarman Manxon Rahama SAW da iyalan gidansa masu Albrk Ameen",No
,"Maigirma senator Arc Kabiru Ibrahim Gaya, yana matukar kokari don ganin al'ummar kano ta kudu, sun samu damar dazata saka su cikin walwala Arayuwa.

Wanda kowa yasani:
- Ya samar da ruwansha a LGA 16.
- Ya samar da Soler iri-iri a LGA 16.
- Ya samar da motoci da babura a LGA 16.
- Ya samar da injinan wuta dana ruwa a LGA 16.
- Ya samar da asibitoci a LGA 16.
- Ya samar da makarantun zamani a LGA 16. 
- Ya samar da masallatai a LGA 16.
- Ya samar da aikin yi ga dubban mutane a LGA 16.

Abubuwan dayawa, abubuwan bazasu lissafu ba.

Muna fatan al'umma zamu kara zabar sa don kaiwa ga nasara a karo na biyar. Da izinin Allah.",No
,"Mafi alkairin Nature mutuwa haka mafi sharrinta mutuwa. 

Yanzu ka yi tunani da a ce rayuwar nan ta doru akan yadda stoic philosophers su ka fahimta ne a ancient Greece cewa kaunu (universe) ta na maimaituwa ne lokuta bayan lokuta kamar yadda a Hinduism da Budhism su ke da ""wheel of time"" ya zamu kasance? Shin hakan bai ba da kofar immortality ba? 

Ka duba barnar da boko haram, ISWAP, Ansaru, Kidnappers da bandits su ke yi mana sannan ka duba irin damkar da azzaluman shugabanni su ka yi mana a kasar nan a ce duk sai mun maimaita wadannan abubuwan bayan mun mutu sai mu kara tashi a nan gaba. Yanzu a nan mutuwa ai babbar alkairi ce garemu wanda da ace babu ita ko kuma zamu yi maimaicin can to da duniyarma bata zaunu ba kuma da mun tabbata cikin despair. 

Amma ga ire-iren su Manjo ai mutuwa ba alkairi ba ce a yanzu saboda duniya ta samu ga shi an aurar da yara ga elites babbar nasarar da ya samu a mulkinshi. Ka ga a ce wai ya wulle akwai kura da da wata yar dabara wollai sai ya yi. Sai dai matsalar Uncle Azzara'ilu bai san corruption and bribery ba kawai ya na aikata abin da Allah ya umarce shi ne. 

Shi ya sa Friedrich Niestche wanda ya shahara da ideas na ""eternal recurrence"" ya yi wani nuni a ce batun repeating stage na existence na infinite cycle of energy and matter ta yadda su ke canzawa a tsahon lokaci bayan lokaci, gaskiya ne, ya zaka kasance a rayuwar nan? A ce duk halin bakin ciki, kunci, damuwa, talauci, zalunci da sheke-sheke da ake yi yanzu duk sai mun maimaita su a nan gaba ya zaka ji ko ka yi?

Ai idan akwai abin da zan so maimaicin shi shi ne kawai rungume-rungume, shafe-shafe, kiss, 💋 shagwaba, gwalli, karairaya, rausaya, kallo da fari na hubbi 💝 tare da zazzakar muryar da Madam Yar BB Martabable ta ke antayomin koda yaushe Alaji. 😋😷",No
,"Ba za ka taba jin falalar gwaurantaka ba. Ko a filin alkiyama darajar gwagware ragaggiya ce. Allah Ya nufe mu da yin aure kafin mutuwa ta cim mana, amin.",No
Well maybe women should just stop judging each other?,Watakila mata ya kamata su daina yin hukunci akan junansu?,Yes
Most importantly not paying helps filter out low quality women looking for a provider.,"Abu mafi muhimmanci shi ne, rashin kashe kuɗi yana taimakawa wajen bambance mata masu inganci da waɗanda kawai ke neman mai ɗaukar dawainiya.",Yes
A female is not anyones friend,Mace ba abokiyar kowa ba ce.,Yes
you want men to do better? then remove affirmative action for women,"Ana son maza su fi yin kyau? To, a cire tsarin fifiko na musamman da ake bai wa mata.",Yes
,"Ka san dalilin shanyewar ƙafa bayan allura a ɗuwawu?

Shanyewar ƙafa matsala ce da ke faruwa sakamakon lahani ga jijiyar laka da ake kira da 'sciatic nerve' wace ke kai saƙonni zuwa wasu tsokokin ƙafa.

Wannan jijiyar laka ta fito daga laka ne sai ta biyo ta cikin ƙashin ƙugu sannan ta ratso ta cikin tsokokin ɗuwawu zuwa ƙafa har tafin sawu.

Wannan matsala na faruwa ne idan aka kuskure aka tsira allura a kan jijiyar lakar yayin allura a ɗuwawu, ko idan ruwan allurar ya tunzira jijiyar lakar, ko kuma idan allurar ko ruwan allurar ya kawo kumburi a kewayen jijiyar lakar wanda hakan na iya danne ko shaƙe ta har aikinta ya samu cikas.

Waɗanda suke da haɗarin samun wannan matsala sun haɗa da:

1) Wanda bai bayar da haɗin kai ba yayin yin allurar, musamman ƙananan yara da ma manyan masu tsoron allura.

2) Mai rama sosai.

3) Faɗawa hannun wanda bai ƙware ba.

4) Da kuma wanda tsautsayi ya faɗa wa.

Alamomin wannan matsala na faruwa ne a dukan rassan jijiyar lakar a ƙafa nan take ko bayan wani ɗan lokaci.

Alamomin sun haɗa da:

1. Matsanancin ciwo

2. Sagewa

3. Shanyewar tafin sawu

3) Rauni ko rashin ƙwarin ƙafa

4) Rashin ji a fata idan aka taɓa

5) Wahalar tafiya: ɗingishi, jan ƙafa da sauransu.

Da zarar an lura da waɗannan matsaloli da aka ambata a sama, a gaggauta sanar da jami'in lafiyar da ya yi allurar domin ɗaukar matakan gaggawa. Wannan matsala ana warkewa sumul kamar ba a yi ba. Sai dai jinkirin zuwa asibiti na iya nakasa ƙafar.

Game da shanyewar ƙafa likitocin fisiyo (Physiotherapists) ne ke amfani da hanyoyin ƙwarewa domin yi wa jijiyar lakar da tsokokin ƙafar ƙaimi har aikinsu ya dawo yadda ya kamata.",No
she’s a cunt. and she hits on the only goodlooking dude in my class. also she says she moved across the country to follow a guy and has been remarried multiple times. plus this is her trolling the class with a blackpill too [URL],"Karuwa ce. tana son wani yaro kyakkyawa a ajin mu, kuma tana fita ƙasashen waje don bin maza, kuma tayi aure sau da yawa. daɗin-daɗawa wannan ajinta na nuna tsaraici ne.",Yes
"[USER] Blow back is, unfortunately, a bitch. In a lot of ways, modern western women betrayed men with their feminazi bull shit. Now they get the hairy ugly fat Arab fuckers to answer to.","Biyan bashi abin takaici ba daɗi. a hanyoyi masu yawa, matan ƙasashen yamma sun yaudari maza da rajin kare hakkin su, amma yanzu suna tare da maza na ƙasashen arewa.",Yes
"Women also have a different body chemistry, and are more likely to wash at the sink instead of having a whole body shower.","Mata suna da tsarin sinadarai na jiki daban da na maza, kuma galibi sukan fi wanke jikinsu a bakin famfo maimakon su yi wanka gaba ɗaya.",Yes
So true. What Sex in the City forgot to mention was that all those women will end up alone comforted by only their cats and their drinking problem.,"Gaskiya ne. Abin da Sex and the City ta kasa bayyana shi ne cewa yawancin waɗannan mata za su ƙare su kaɗai, tare da kuliyoyinsu da matsalar shan giya.",Yes
,"Karim Benzema ya sami 'karin hutu. Shugabanni da masu horar da ‘yan wasan Real Madrid sun san mahimmancinsa, musamman yadda a gasar cin kofin duniya zata gudana a lokacin sanyi kuma a tsakiyar kakar wasa suna son ya kasance a shirye 100% na kuzari da kyawun jiki. [COPE]

Fagen Wasanni",No
,"RIKO DA GASKIYA TAREDA YIWA MANYA BIYAYYA NA DAGA CIKIN MATAKAN NASARA A GIDAN SIYASA:

Duk wanda yasan Mai girma Sakataren karamar Hukumar T/mafara, Hon. Ibrahim Garba ya shaida yana siyasa mai tsafta, wadda babu zalumci koh munafuci a cikinta. Tun inda aka fito kafin sulhu, baya goyon bayan cin mutuncin kowa, har koh yaushe yana jan hankulan magoya bayan Mai daraja gwamna musamman Matasa da su kasance masu la'akari da dokokin Addini da na (Constitution) domin kauracewa ayukan da-na-sani.

A takaice dai shi wannan bawan Allah, ya samu shaidu mai kyau ga jama'a, Muna fatan Allah yasa ya dore haka kuma ya cigaba da rika masa a cikin lamuransa alfarmar sayyidina Muhammadur rasulillahi (saw)

Muhd Mado ✍️",No
,"YANDA ZAKA ZAUNA LAFIYA IDAN KANA DA BUDURWA BAHAUSHIYA

1. Karka taba tsammanin zata kira ka awaya idan ba haka ba zaka mutu kana jira.

2. Ka sani idan kace mata ""I love you"" ko ina sonki nagode kawai zata ce amma girmankai bazai barta tace maka I love you ba.

3. Karka taba tsammani zata fara maka magana idan tana online.

4. Idan ka tura mata love messages kar kayi tsammanin zata yi maka reply.

5. Kasani kai ke sonta, kuma kai zaka kula da ita, ita bazata iya yi maka komai ba.

6. Ko yaushe zata iya rabuwa da kai idan ta samu wanda yapi ka kudi.

7. Kasani cewa bakai kadai bane saurayinta.

Haqiqa idan kayi haka zaka zauna lapiya da budurwar ka bahaushiya.

Zaku Iya🙄🙄??",No
,"Ba wai a cikin daji ba, tsakiyar gari matasan mu ke anfani da wadannan miyagun makamai akan bayin Allah saboda su musu kwace ko kuma fadan daba. Wacce irin rayuwa muke haka?

Dan Allah mu yi kokarin yiwa ya'yan mu da kannenmu tarbiyyar sanin ƙimar jini da ran dan adam. Allah ya shirye mu ya kare mu daga sharrin su. 

📷 Facebook/ Abdullahi Haruna Kiyawa",No
,"Fafatawa ta yi zafi tsakanin manyan jam'iyyu biyu yayin sakamakon zaɓen Osun ke cigaba da bayyana.

Gunduma ta 10, ƙaramar hukumar Ede ta kudu 
APC: 361
PDP: 1130

Gunduma ta 15, Oke Oba 2, ƙaramar hukumar Iwo
APC: 1833
PDP: 1489

Ku cigaba da bibiyar mu",No
,"JAGORA...

Haƙiƙa Dr Idris Salisu Rogo ya dace da a Kira sa da sunan JAGORA, domin ingancinsa, kwarewarsa da gogewarsa a bangaren gudanar da hidimomin Jagoranci.

Tsayawa tsayin daka domin ganin anyi abinda ya dace ga al'umma ta fannnin kawo ingantattun ayyuka wanda zasu ciyar da jama'a gaba ta kowace hanya.

Ɓangaren mu'amula da jama'a: a wannan fannin kuma ba lallai sai nace komai ba domin bahaushe yana cewa ""Ido ba mudu ne amma yasan kima"" saboda daga gani kai ba sai an fada maka ba, saboda shi mai shiga jama'a ne ya mu'amalancesu ya basu dama wajen bashi shawarwari da karbar ƙorafe-ƙorafensu.

Hakan tasa kullum muke masa addu'a da fatan alkhairi.

Muna Addu'ar Allah (SWT) Ya Bashi Nasara Akan Kyawawan Manufofinsa na Kyautatawa Al'umma.🤲

Malam Bari ✍️
Dr Idris Salisu Rogo
Social Media Aide",No
,"KO KUN SAN CEWAR: Alhaji. Ahmad Idris ne tsohon Akanta Janar na Najeriya tare da matasan ƴan jihar Kano da ya samawa aikin ɗamara, Kuma an ce dukkanin su ba dangin iya ba na Baba.

Tabbas ya yi ƙoƙarin sosai domin irin su aka rasa a cikin al'umma, Allah Ta'ala ya saka masa da alkairi ya ƙaro mana irin su.

DAGA Anas Saminu Ja'en",No
,"Mafi yawan mutane sun fi son bin inda aka fi yawa akansa don gudun fuskantar kalu-bale. Shi yasa ma da yawan mutane suna gwada gaskiya ne da yawan masu bin wani abu. Idan suka ga mutane da yawa akan wannan hanyar sai su ma su bita ganinsu shi ne gaskiya. Wasu kuma ko sun san gaskiyar basa iya juyowa daga karyar don suna ganin zasu zama wararru a cikin mutane.

Wannan ne dalilin da yasa Imam Ali yace a duk inda kake kar ka kalli yawan mabiya, ka kalli gaskiya. Gara ka yiwa gaskiya biyayya ka rayu da kwarjini akan ka bi karya ka dawwama a kaskanci. Wannan kuma yayi daidai da abunda Allah ya rika yi mana nuni dashi a Qurani. Babu inda Allah ya yabi yawa sai dai ma ya kushe shi.

A wata ayar Allah yace mafi yawan mutane basu da sani (jahilai). A wata ayar yace mafi yawan mutane basu da hankali. A wata ayar yace mafi yawan mutane basu da zurfafa tunani. Kenan kadan ne a cikin mutane masu ilimi. Kadan ne a cikin mutane masu lafiyayyen hankali. Kadan ne a cikin mutane masu zurfafa tunani.

A karshe ma a wata ayar Allah cewa yayi in ka bi mafi yawan mutane zasu batar da kai ne daga kan tafarkin Allah. Ai ko a yanzu in aka ce da yawa za'a gwada addinai ba za'a yi musulunci ba kenan don Christians sun fi musulmi yawa a duniya. Christians sun 33% na duniya. Musulmi kuwa 25% ne gaba daya. So, shi yawa ko karanci ba abun dubawa bane. Ina gaskiya take? Nan ne abun kalla.

Ba zaka samarwa da ruhinka nutsuwa ba sai ka daina tsoron zama mai mabanbancin ra'ayi a cikin mutane. In dai kana da hujja da dalili akan abu ka tafi kanka tsaye kansa. Allah zai maka hisabi ne da abunda ka sani ka ki aikatawa ba aiki ko ra'ayin wasu ba. Wanda bai sani ba Allah zai iya masa uzurin rashin sanin matsawar yana kan neman sanin. Amma kai da ka sani baka da wani uzuri sai yiwa gaskiyar biyayya.",No
,"Anyi ja'iri*n yaro sai dare ya raba yata kurma ihun yana damun iyayensa da kuka , chan sai muji muryan uban yana tikansa da duk*a yana mas*ifa🤣🤣🤣
Wasu yara dai yan bala'i ne🤣

Da nice zankai yaron wajan kakansa in huta😴",No
,"KO KUN SAN CEWAR: Alh. Ahmad Idris ne tsohon Akanta Janar na Najeriya tare da matasan ƴan jihar Kano da ya samawa aikin ɗamara, Kuma an ce dukkanin su ba dangin iya ba na Baba.

Tabbas ya yi ƙoƙarin sosai domin irin su aka rasa a cikin al'umma, Allah Ta'ala ya saka masa da alkairi ya ƙaro mana irin su.

Anas Saminu Ja'en
16-7-2022",No
,Zaben Osun yana alamata mana cewa Tinubun ma da kyar zai sha a hannun PDP a zaben 2023. Wannan fa babbar manuniya ce amma ga ma su dogon nazari.,No
,"Wato tun da nake Facebook ina ganin mutane da yawa suna kwafar rubutuna, wasu zallarsa wasu kuma kana gani ka san kwaskwarima suka yi wa wani rubutu da na yi a baya. Amma ban taba damuwa ba sai wata rana da na taba dawo da tsohon rubutuna wani ya biyoni inbox yana cewa wai don me na kwafar masa rubutu ba da izininsa ba! Ban taba ganin rainin hankali kamar wannan ba. Da na gama nuna masa cewa rubutuna ya sata fa har ya dauka nasa ne sai ya yi blocking dina.",No
,"YARBAWA IYAYEN TAGWAYE 

Garin Igbo–Ora A jihar Oyo Dake Najeriya, Shine Garin Da Aka Fi Samun Yawaitar Haihuwar Yan Biyu A Duniya , Wanda Akasarin Mazaunan Yarbawa ne .
A yankin Europe Ana Samun Haihuwar Yan Biyu Jeri 16 Chikin 1000, Yayin Da Yankin America Ake Samun Jerin Yan Biyu 33 A Duk Chikin 1000.
Shi kuwa Wannan Gari Na Igbo Ora Ana Samun Haihuwar Yan Biyu 45 Zuwa 50 A 1000 , Kamar Yadda Binchiken Patrick Nylander Na Kasar Ingila Ya Bayyana A shekarun Baya .
Anan Zamu Iya Chewa Yarbawa Sun Fi Kowache Kabila A Duniya Yawan Haihuwar Tagwaye .

Ahmad Quraishi",No
,"Dazu Freedom Radio sunyimin tambaya ta waya game da yajin aikin ASUU. Abinda na fada musu shine, barazana ba zata taba magance yajin aikin nan ba. Babban abinda ya kamata Shugaban Kasa yayi shine yayi taro kai tsaye da Shugabannin Kungiyar ASUU, da Ministocin da abin ya shafa, don gano gaskiyar lamarin, sannan ya dauki mataki na Karshe da kansa wajen warware matsalar.",No
MGTOW is a response to feminism. It is not the cause. Men did not go their own way and then marriage rates collapsed.,MGTOW amsa ce ga ra'ayin mata masu kare hakkin mata. Ba shi ne haifar da matsalar ba. Mazaje ba su fara tafiya nasu ba ne sai an ga raguwar yawan aure.,Yes
"When she was trying to bully, everybody was laughing but when he retailated suddenly shock and gasps and of course the simp teacher holds him back even if she's the one going for more.","Lokacin da take ƙoƙarin zaluntar wani, kowa na dariya ne, amma da ya mayar da martani sai hankulan mutane suka tashi, kuma malam mai nuna tausayin mace ya riƙe shi, ko da ita ce ke ƙoƙarin ƙara matsa masa.",Yes
"Imagine youre at home just trying to watch over your daughter and grand kids and suddenly she starts stabbing you and kills both her children. This is the risk a man takes when living with women, even relatives","Kawai kayi tunanin kana gida kana lura da 'ya'yanka da jikokin ka sai ta fara cakka maka wuƙa ta kashe ka da 'ya'yanku. wannan shine haɗarin da namiji ke fuskanta idan yana tare da mace, har 'yan uwa.",Yes
,"Zama da Mutane !!!
.
Shi Zama da Mutane ga Mutum Dole ne domin Shima Mutum ne
.
Akwai abun da Nakeson Nusar damu idan Allah Yasa Idanuwanmu zasu iya budewa mu gani garau
.
Inaso Mutum yayi duba izuwa Yatsun Hannunshi ya Nazarcesu da kyau zega wasu sun Sa6a wasu kuma sun Gaza, to duk da Zobawa da Gazawar Wasu daga Yatsunka haka kake Zaune dasu Lafiya basa baka wata Matsala, koda kuwa an Samu Matsalar dole haka zaka zauna dasu kayi amfani dasu domin dukkansu suna amfanarka
.
Ka Dubi Yatsun Hannayenka se kayi Alkalanci,, to haka Mutane suke wani ya sabaka wani ya gazaka,, don haka yanda kake zaune da yatsunka lau lafiya ba matsala ta hakan zakabi ka zauna da mutane sumul kalau
.
Haka kwatankwacin Mutane yake, Wasu sun Wuceka Kai kuma Ka wuce Wasu, Wasu sun Fika haka Kafi wasu amma duk da Haka a haka zaka zauna da dukkaninsu dole domin kowanne da amfaninshi a gareka walau Masoyi walau Makiyi Kaima da Amfaninka Ga Kowa 
.
Idan Wani ya batama Rai da zakayi Nazari zaka gano cewa kafin nan kaima ka batama wani
.
Haka idan wani ya kyautatama idan kayi tunani zaka gano kafin nan ka kyautatama wani
.
Allah Ka Barmu har Makiyanmu Ameen, Allah Ka Datar Damu da Rabo Me Amfani na Alkhairi Duniya da Lahira Alfarmar Annabi Muhammadu Sallallahu Alaihi Wa Sallam 
.
Fulatan News Updates",No
The fact that she is more concerned about forcing him to do stuff that he might not want to do instead of where these sorts of desires come from is a testament to how girls are misededucated.,"Gaskiyar cewa ta fi damuwa da tilasta masa yin abubuwan da wataƙila bai so ba, maimakon bincika tushen irin waɗannan sha'awowi, na nuna yadda ake koyar da 'yan mata ba daidai ba ne.",Yes
Women are children in grown ups' bodies,Mata yara ne a jikin baban mutum.,Yes
"Yup, like any female mammalian species, it's the fight to obtain as many resources as you can so you can raise your kid and pass on the genes.","Eh, kamar kowace mace a cikin jinsin dabbobi, yana ƙoƙari ne don samun albarkatu da yawa gwargwadon iko domin ta iya renon ɗanta da kuma mika halayen gado zuwa ga zuriyarta.",Yes
The only shocking thing is that she admitted it. Most women will go to their graves never speaking a word of truth,Abin mamaki kawai shi ne cewa ta amince da hakan. Yawancin mata ba za su taɓa bayyana gaskiya ba har zuwa kabari.,Yes
,"Ina Son aure Amma duk Wanda zai aure ni tare da maciji na Zan Zo gidan Shi__Mommy 

""Matashiyan mai Suna Mommy Itakpe 'Yar Asalin Kasar Ghana. inda ta wallafa hakan a shafinta ta Yanar gizo cewa! Duk na mijin dake son ya aure ta ""sai ya yarda tare da macijinta za'a kai ta har gidan shi, bisani tace ta gaji macijiyarce daga wurin mahaifinta ita Kuma tana matukar kaunar macijiyarta.""

'A don haka ""matashiyar ta ce; ita burinta ""shine! Auran namiji jarumi ba mai tsoro ba, sai yasa har yanzu ta Gaza samun jarumin namijin da zai amince da wannan manufar tata""

ALFIJIR Hausa",No
,"Rahotanni sun bayyana cewa ana shirye-shiryen nada fitaccen ɗan ta'addan nan Adamu Aleru sarauta a matsayin Sarkin Fulani na Masarautar Yandoton Daji a yau a jihar Zamfara.

Rundunar ‘yan sandan jihar Katsina taɓa sanya sunan sa cikin wadanda take nema ruwa a jallo tun watan Yunin 2020. Ado Alheri shi ne mutumin da ya kai harin a Kardisau, karamar hukumar Faskari ta jihar Katsina wanda ya yi sanadiyar mutuwar mutane sama da 50.

📷 Twitter/ SalihuAMumini",No
,"ROGO LOCAL GOVT Social MEDIA TEAM. 

Ghali Nasiru Rogo damina asalin kaka 

Ghali Nasiru Rogo Kazamo Rufa Gurin shiga in Anamarka marka. 

Ghali Nasiru Rogo Kazamo hamshaƙi Kashige gaba Tunda bawani mai-iya tureka 

Ghali Nasiru Rogo Ginshiƙi kake shadaka waye zaifaɗi Aibunka? 

Ghali Nasiru Rogo kaikaɗai gayya kake haka Al'umma suketa faɗe. 

Ghali Nasiru Rogo Baruwanka da tsurku bakasan Gulma maitayar da faɗa 

Ghali Nasiru Rogo Duk Abin kasa Agabanka zakayi bakajin tsoro 

Ghali Nasiru Rogo kaikake tafiyar da ROGO LOCAL GOVT Social MEDIA TEAM. 

Lallai jagorane kai nagari Ghali Nasiru Rogo 

Ghali Nasiru Rogo Wannan ƙungiya taka tabun ƙasa tashahara 

Haka Al'umma suketa faɗe. 
Birni Har ƙauyika Akwaita ako ta Ina. 

Masha Allahu Yasaka Alkairi Ghali Nasiru Rogo 

Ghali Nasiru Rogo Chairman of 
ROGO LOCAL GOVT Social MEDIA TEAM 

Wrote BY:- Nazeer Lawan Abdulsalam 📝",No
,"Amadadin ni kaina da ""yan uwana muna gayyatar dukkanin "" yan uwa da abokan arziqi zuwa wajan daurin auren yayana ALIYU BASHIR BUBA (BARISTER) 
Wanda za ayi kamar haka 
Ranar juma 'a 
22/07/ 2022
Wuri Gombe state 
Allah ya bada ikon zuwa amin.",No
,"TOSHEWAR MAGUDANAR JINI DA SHANYEWAR ƁARIN JIKI
🏥🏥🏥🏥🏥🏥🏥🏥🏥🏥🏥🏥🏥

Ranar 29th ga kowanne wata na Oktoba rana ce da hukumomin lafiya na duniya suka ware domin tunasarwa tare da wayar da kan al'umma game da larurar toshe wa gami da fashewar magudanan jini wato CEREBROVASCULAR DX ko kuwa ince ""STROKE"" yaren da kuka fi ganewa! wanda sanadiyyar hakan ke haifar da Shanyewar Ɓarin jiki wato PARALYSIS tare da mutuwa.

Akalla sama da Mutum Milyan 7 larurar ta kashe, a duk shekara kimanin mutum sama da miliyan 1 ke haduwa da stroke, wanda sama da Mutum dubu 250 ke mutuwa duk shekara.

:::::::::::::::::::::::::::::::::::::::::::::::::::::::::::::::::::

MATSALA CE DAKE MAYAR DA BABBA YA KOMA YARO

Ta yadda;
◾Tafiya sai andawo ana koyama mutum ya zai yi,

◾Abinci koda ansawa Mutum abaki zaike suɓutowa yana ci yana zubowa kasa, don baya iya runtse bakin.

◾Fitsari ko bayan gida saide ake aikin cirema mutum wando tare da daura masa inya gama, kashi ko saide ake wankewa mutum,

◾Magana sai anke zaman koyawa mutum, domin in yayi ma ba fita take agane ba, sai ahankali masu zama dashi ke iya fara gane maganarsa domin komawa take kamar tame magana da hanci,

◾ Stroke na iya sa ganin mutum a bangaren idanu ɗaya ya tafi. Haka shan ruwa na wahala ga mutum saboda zaita ƙwarewa tunda magoron shima saki yake, mutum yaji kamar abu na tokaremasa

◾Yana Haddasa matsanancin ciwon kai wanda tunda mutum zaka ji yace tun mahaifiyarsa ta haifesa bai taɓa jin wani abu me tsanani irinsa ba a duniya,, domin kamar kan zai bindiga ya tarwatse haka zaice shyasa wasu ke suma.

◾Yana iya sa ka'ida jima'i shikenan kuma saide a lahira in anayi,

◾Yana haifar da cutar mantuwa, 

◾Yana Haddasa cutar damuwa da baƙimciki na dundundun

◾Gadar da tsanar kai, domin yana sa mutum shi da kansa inya kalli kansa a madubi bazai marmarin ya ƙara ba; ganin yadda gefen fuskarsa ɗaya ya zazzaɓo ya kwaɓo, bakinsa ya muskuce ko ya murguɗe gefe, tare da dalalar miyau wasu lokutan batare dan iya dakatar da hakan ba domin bakin bazai iya rufuwa ba,

◾Yana sa tafiya dole saide da sanda a kaikaice tare da jan ƙafa, sannan ba sauri. A wasu ko shikenan babu hannu ba ƙafa saide zaman wheelchair kuma 

◾Yana Haddasa bugun zuciya,

◾Yana kashe mutumin cikin kankanin lokaci sai tarihi...

:::::::::::::::::::::::::::::::::::::::::::::::::::::::::::::::::::

Stroke Matsala ce Babba me hatsarin gaske. Domin Inta faru tohfa koda ka haure duk da waɗancan illolin galibi mutum bazai wuce shekaru 5 zuwa 8 ba araye zai mutu dalilin complications, baya ga akalla sai anhada baiwa mutum magunguna wajen kala 5 nasha dolen-dole kullum batare da ɗaga ƙafa ba wanda inba haka ba toh bama shekara 5 zuwa 8 ba wani ko sati 1 bazai ƙara ba aduniya zai mutu.

Shiyasa kwai tausayi inya sami talaka domin ba kowa ke iya sayen magani ba, shyasa muke wayar dakai don mutum yaiwa kansa abinda ya dace tunda wurwuri. Wanda iyaye ko wani nasu ya gamu da wannan nasan sunfi kowa sanin halin da suka sami kai. 

:::::::::::::::::::::::::::::::::::::::::::::::::::::::::::::::::::

Bayin Allah masu karanta wannan Rubutun baki ɗayan mu kaf ina so ku sani zamu iya wayar gari da wannan matsalar harni likitan naku.

Matsalar duk tana bibiyar mu shiyasa ake son wayar dakai karki dauka sai wasu mutane daban, kuma agaba zakuji me yasa nace duk muna cikin hatsarin. 

:::::::::::::::::::::::::::::::::::::::::::::::::::::::::::::::::::

Anyi ittifaki dukkan Mutum 1 cikin 4 zai haɗu da strokes. Ma'ana duk inda mutum 4 suka taru Toh ka ɗauka ɗaya zai gamu da ita.

_____________________________________

Abin tsoro ne, Matsala ce da ada akalla sai an manyanta amma ayanzu anfara samunta cikin matasa abinda da ake ga sai ka ba shekaru 50 baya a duniya da, saide yanzu yan shekara 20's ma anfara samun CASES na stroke.

:::::::::::::::::::::::::::::::::::::::::::::::::::::::::::::::::::

MANYAN ALAMU HUƊU NA STROKE DA ZA'A ANKARE

F. A. S. T

F: [FACE)] - wato da anga alamun jirkicewa ko saukowa ɓari guda na fuskar MUTUM, Ko baki ya karkace...

A: [ARMS] - wato akaga kuma Mutum ya kasa ɗaga hannuwansa, ko kuwa in anɗaga hannun yana dawowa ya faɗo batare da Mutum ya iya kokarin rike hannun ɗage ya tsaida shi a iska ba, wato weakness...

S: [SPEECH] - Aka ji magana ta canza, murya ba'a gane me yake fadi, wato bakin ya fara karewa...

T: TIME- To ai amfani da lokacin maza-maza a ɗauko mutumin da alamu ukun can na sama (F. A. S) suka bayyana zuwa asibiti da gaggawa. alamune ya sami stroke.
_____________________________________

Mu sani duk jinkiri ɗaya ƙarin dagulewar al'amura ne ga wanda matsalar ta samu, haka gwargwadon saurin kaisa ga likita gwargwadon samun saukin taƙaituwar abubuwan da zasu gagaresa yine wato waɗancan illolin dana lissafo stroke na haddasawa a sama wajen maida babba kamar yaro.

Don haka sashin da abun ya faru irin aikin da wannan sashin ke yi za'a ga mutum na fuskantar matsala, Domin kwakwalwa mutum ko ina aikinsa daban.

:::::::::::::::::::::::::::::::::::::::::::::::::::::::::::::::::::

RUKUNAN MUTANEN DAKE CIKIN HATSARIN SAMUN STROKE

1. Mutane Masu ɗauke da Hawan jinin da basa bashi kuLawa data dace, musamman ace dama basa waiwayarsa ko kiyaye komi jira ake har sai randa mutum yaje asibiti akace jinin sa ya hau sannanne zai sha magani. Ka kuka da kanka Domin hawan jini lalata ma magudanar jini yake saboda karfin pressure. 

2. Mutane masu dauke da ciwon suga, dole ku lura kubi likitocin ku sau da ƙafa, Ciwon sugar koda ana shan magani fa sai ANKARA da lura domin shi aka ran kansa dama kara cushe magudanar jinin tare da lalata ciwon keyi. 

3. Mutanen da nauyinsu ya wuce ka'ida wato overweight wato BMI dinsu ya zana tsakanin 24---29.

4. Mutane masu teɓa wato ƙiba (obese), wanda Body Mass Index wato BMI dinsu yakai ko yama ketare 30. 

5. Mutanen da basa iya motsa jiki akalla na minti 15 sau 4 a sati. Komi sirantakarsu kuwa.

6. Masu yawan ci, ko wanda zama ɗaya suke share abinci me tarin yawa

7. Mutanen dake shan taba sigari dda kuma masu zama a inda ake shanta a warin hayaƙin na zuwa musu suna shaƙa.

8. Mutanen dake da kitse fiye da kima wato HIGH CHOLESTEROL ajika, anan basai me ƙiba ba, har sirara akwai wanda suke da Bad cholesterol level, gwaji ne kurum zai tantance. Saboda cin junk foods kuna bakar fata amma baku da abinci sai na turawa su 🌭🥪🌮🧇🫔🍔🥩🍿🍕 da lemukan kwalba dana roba, gami da jan nama akaikai kamar zaki, ko zakanya... Toh mutum yai hankali da kanaa

9. Masu larurar minshari, irin wanda har dauke wa numfashi su keyi a bacci yana dawowa. 

10. Mutane masu cuttukan zuciya iri-iri dake shan magani

11. Kasancewar a family dinku antaɓa samun me matsalar stroke, paralysis ko kuwa ma ace mahaifi, ko kuma tarihin heart attack Ko heart failure a family.

12. Kasancewar ka Baƙar fata ɗan Africa... Mun fi kowa hatsarinsa fiye da sauran al'umma yankuna duniya. Kar ace bakar fata ki kalli kanki 🙍🏽 ke wai fair complexion Ko bafulatana Ki dauka banda ke A'a Bakar fata Africa baki daya tunda ba tsatson Turawa kika fito ko Larabawa ba. Shyasa nace kusan duk muna ciki harni, Toh saide in mun kula da lafiyar mu shikenan. 

13. Kamuwa da cutar corona

14. Inya kasancewar shekaru sunja mutum yaba 55yrs baya musamman inda hawan jini hakan karin kusancinsa ga matsalar ne.

15. Kasancewar ka Jinsin Namiji domin yafi faruwa a Maza fiye da mata saboda namiji Baida Estrogen ajika, Baida nonuwa, Baida mahaifa, Baida kwayyen Ovary baya kuma daukar ciki, Namiji me hawan jini ko ciwon sugar ko duk biyun yafi Mace me hawan jini da ciwon sugar Hatsarin samun stroke... amma fa hakan baya nuna Mata ba zasu hadu dashi ba, musamman in suna da ciwon sugar ko hawan jini kuma suka kasance masu sake da magani. 

16. Amfani da magungunan bada tazarar haihuwa masu kunshe da estrogen wato musamman combination pills nasha.

_____________________________________

Bayin Allah Inkuka duba Haƙiƙa zakuga kusan kowa na cikin hatsari wannan Matsala don haka cewa 1 cikin 4 ka iya haduwa da ita, In bamui wani abu ba na lura dakai gaba HATSARIN zai dawo 1 cikin 3, harma ya dawo 2 cikin 4 ko 3/4 Wanda bama fata.

:::::::::::::::::::::::::::::::::::::::::::::::::::::::::::::::::

MATAKAN DAUKA DOMIN KARE KAI

A kwai hatsarurruka wato (risk factors) wanda a zahiri ba abinda zamu iya yi akansu saide mubarwa Allah ikonsa domin bazamu iya canza su ba kamar:-

Kasancewa Namiji, Kasancewa Baƙar fata, Shekaru, da kuma tarihin matsalar a dangi, wannan ba abunda zamu iya yi akai saide fatan Allah yai mana da sauki.

_____________________________________

Toh kuma kwai wanda zamu iya yin wani abu akansu wato mu kiyaye kanmu, kamar:

◾Sanya ido tare da shan maganin hawan jini kullum batare da ɗaga kafa ballantana wasa ba, ko kuma bisa umarnin kwararren Medical doktor da yasan matsalarka fiye da kowa. domin de so ake jinin ya dena hawa kwata-kwata bawai ka jira sai ya hau kasha magani ba, sannan da yawa yana tashin yai mugun hawa baku sani ba koda kuwa cikin bacci ake, jini na hawa yayin bacci, kuma babu alamun da zaka ji na ya hau shyasa yake da hatsari, galaba bin stroke yafi faruwa da safe dama gefin asuba sanda kake kokarin farko wa bacci domin sannan jini yafi mugun hawa a jikin mutum. 

Muddin an lura da hawan jini ankarɓi larura yadda tazo mutum ya huta, iya kaci aita shan magani batare da wasa ba, za a rayu lafiya, sannan ya zamto ana kiyaye abincin da likita ya hana ci. Ina shawartar duk me hawan jini yai kokari ya mallaki abin gwajin yake dubawa kullum a gida. 

◾Masu ciwon sugar suma su kiyayi wasa da magani, su sanya ido sosai, su kuma kiyaye abin ci da sha. Sannan sui kokari su mallaki Glucometer suke duba sugar dinsu a gida akai akai

◾Masu cutar minshari kuma kuke amfani da ventilation mask tare da zuwa ku nemi shawarwarin likita domin ku dama ahaka ma numfashinku ɗaukewa yake.

◾Arika motsa jiki, wasu kuna ganin kamar likita baisan wahalar ba: kungani duk irin busy dina komi dare saina ware away a 2 na motsa jiki ranar Lahadi kurum ne bana yi. Ballantana kai don haka ba uzuri, shyasa Muma likitoci bama uzuri kan wannan.

◾In angano Mace na da hatsarin samun stroke a canza mata Maganin Family planning daidai da ita.

◾Direbobi ku lura da lafiyar ku kuma da yawa kuna da hawan jini uncontrolled ga mutumin Nigeria bai ɗau zuwa check up da mahimmanci ba, shyasa wani yana tsaka da tuƙi stroke zai samesa mota ta kwace gaba daya aje duk a mutu har wanda bai ji ya gani ba, amma dake bama binkice in an mutu kurum rufe wa muke shiyasa mutane ba zasu taɓa daukar rai da mahimmanci ko kuwa bayanan da muke ba. Domin komi wuya da ana Autopsy agano dalilin mutuwa mutane da yawa da sun shiga taitayinsu, amma mace-mace yai yawa, kurum saide ace lokaci ne yayi. Ita kuwa mutuwa bata zuwa haka kurum lafiya ƙalau dole saida dalili 

Don haka wannan shine tare da de sauran abubuwan da suka kamata, don haka a lura dakai.

Babu me son ya zamewa ƴan uwansa kaya, domin tun ana ma saboda Allah tohfa za agaji dakai inda daga sannan kunci zai fara bai baye mutum, haka na faruwa mutum zai iya kuma samun second stroke kila shikenan sai mutuwa.
_____________________________________

Allah ya karemu yasa mu wanye lafiya Amin.

✍🏻
Ibrahim Y. Yusuf",No
,"Ranar Laraba 13 ga Watan Yuli, 2022 kenan da muka tattauna akan Jadawali da fifiko akan samar da tsaro da zaman lafiya wanda al'umma da zaɓaɓɓun shugabanni zasu baiwa muhimmanci. 

Tattaunawar ta gudana ne a cikin shirin Hasken Matasa na Gidan Rediyan EXPRESS RADIO 90.3FM wanda Ƙungiyar Community Health and Research Initiative, Nigeria da Yospis Nigeria suke shiryawa ƙarƙashin Shugabancin Zainab Naseer Ahmad da Usman Jalo wanda Gidauniyar AMG Foundation ke ɗaukar nauyi. 

#peacepromoter 
#mufarka",No
,"Dear:= Miko min lemar can na dan leka waje naga me ke faruwa naji hayaniyar mutane.

Honey:= Dan Allah kar ka fita yanzu baka ganin ruwa ake bana son komai ya taba min kai, kayi hakuri koma daki ka kwanta kafin na gama haɗa mana kayan kari ( break fast).

Kuma ban yadda ka zauna a falo ba daki zaka koma.......",No
,"#challenge_challenge_challenge
MAMATA:

Allah ka tabbbatar da addu,ar mahaifiya agaremu akoda yaushe acikin al amuramu na yau da kullum dare da rana.

Jaruman kasata Nigeria bakowabane ila iyayamu.
Saboda uwace kade keda karfin zuciyar tura danta #sojaboy duk datasan hadari dakecikin aiki soja nasan kowa yasani du duniya bawanda yakai mahaifiya son danta sanan kuma idan zamutuna da wainiyan mahaifiya takedamu daga yarintamu har izuwa girmanmu a wanan lokacin ba irin sha uwa da batayi da danta ba amma kuma lokaci daya Dan nata datake matukar kauna lokaci daya saita sadaukar wa kasa Nigeria.

Dan Allah wacece kasa idan ba mahaifiya yaba.

Allah akullum muna rokanka kabamu damar kyautata wa iyayamu 

Allah ina rokanka katemaki yan uwa masu neman aikin soja 83 intake kuma Allah kabasu sa a, 
Wanda suke nema kuma Allah suma kabasu sa a 84 intake Alfarman annabi (S A W)

Wanda kuma suke kan aiki sojojin kasata Nigeria Allah ka tsaresu da kariyarka Alfarman annabi Muhammad ( s a w)

Allah kadaga Nigeria Allah ka daukaka kasata Nigeria Allah kabata zaman lafiya Alfarman nabeeyu.

Sing pen by zaharaddeen officer
Good contributions by Nigeria regular,s 16/7/2022 Saturday 10:10am",No
,"DA NAJE OSUN....

Zanyi kokarin fahimtar Yarbawan Osun, don kokarin gano cewa, shin Gwamnansu ne yayi musu laifi suka kayar dashi, ko kuwa APC ce gaba daya basa kauna...

Shin ba zasu zabi Tinubu ba, a zaben shugaban Kasa ko kuwa dai irin tsarin nan zasuyi, a sama su zabi APC a jiha su zabi PDP...

Naga ansha yin irin haka a Nigeria....

Tun da banje Osun ba, zan cigaba da saka na Mujiya daga nan inda nake, har zuwa lokacin zaben duk kasa, a sannan ne zamu gane yadda suke....

Siyasa ake yi, tunda lokacin siyasa ne....",No
,"Ina taya Takwarana Nuruddeen Adeleke Murnar lashe zaɓen gwamnan Osun a ƙarƙashin Jam'iyar PDP Allah yasa yayi Musu abin da ya dace kada ya zama irin mai faɗa babu cikawa.

Mu talakawa adalci da aiki muke buƙata ba Jam'iyyar ka ko wani personal life naka ba.🤷

Congratulations once again my namesake.🤝

Ga Munan Muna Cashewa abun mu.🤷",No
,"Allah Ta'ala bai halicce ka don kaso kowa ba, kamar yadda bai halicci kowa don ya soka ba.
Don haka kada kayi baqin ciki don kawai wani ya dauki karan tsana ya dora maka babu gaira babu dalili. Rayuwa ta gaji haka.👌",No
"I missed that thread, it was a graveyard of [deleted] when I arrived. I could see there had been females getting their roastbeef flaps in a twist by the responses to deleted top-level posts but I wanted to see them getting toasty first-hand.","Nayi kewar wannan abin, lallai hakan ya kasance kaman maƙabarta (an goge). Ina ganin sunyi ta samun ƙalubale da har zasu iya goge wannan babban maƙalan amma naso na gansu a lokacin da aka sa su a gaba.",Yes
"That proves that the wife is a nice person. I mean, to be pregnant with puppies, one must first be a bitch.",Hakan ya nuna cewa matar tana da kirki. Ina nufin duk wanda zai yi cikin 'ya'yan karnuka ae dole ta zama karuwa.,Yes
"If you’re GF is dancing with others guys in front of you, then you should bottle her too. She’s was giving off obvious signs of affection. He can kiss when girls do that.","In dai har budurwar ka na rawa da wasu samari a gaban ka, kai ma yakamata ka yi jima'i da ita, tana baka alamu ne. Zai iya sumbata idan mata suka yi.",Yes
[URL] Women want equality until equality comes knocking their ass out. #Feminism #DamnPatriarchy,[URL] Mata suna son daidaito har sai lokacin da daidaiton zai ƙarfin su. #Feminism #DamnPatriarchy,Yes
"OK, so now let's hope she goes home and stress eats everything in sight and blows her fake heart out.","To, Yanzu muyi fatan ta koma gida damuwa da ƙunci ya cinye komai da za a iya gani sannan ya fasa zuciyar ta",Yes
"I don't need to, when women these days use the word man/men, it's either for shaming, blaming or complaining.","Ba na buƙatar hakan, domin a yau idan mata suka yi amfani da kalmar 'miji/maza', ko dai don zargi, ɗora alhaki, ko kuka",Yes
We must require annual physicals to include a mental check. Something is seriously wrong with that woman. She's totally unhinged!,Ya kamata a sanya gwajin lafiyar kwakwalwa a cikin binciken shekara-shekara. Akwai matsala mai tsanani da wannan mace. Ta kasance ba ta da kwanciyar hankali!,Yes
,"An Jefa Al'ummar Farawa Dake Kano Cikin Fargaba Biyo Bayan Hanyar Ruwan Da Aka Tona Aka Bari Ba A Karasa Ba

Kamar da gaske aka zo aka fara hakar hanyar magudanan ruwar a yankin Farawa dake karamar hukumar Kumbotso. Tun daga nan kuma har yanzu ba a sake waiwayar su b, gashi kuma ruwa sai ta'adi yake yi wa wadanda abin ya shafa. 

Don haka muna kira ga mahukuntan da abin ya shafa da su waiwayi lamarin kafin ya yi muni.

Daga Sulaiman Adam Muhammad",No
,"Barkan mu da sallah ina yima fatan anyi sallah lfy, ina kuma amfani da wannan damar ta rokon Yan uwa da Abokin arziki ta ataya muda ardu'a bisa garkuwa da akayi mahaifina Albarki cikin wannan Rana Mai Albarka",No
,"Kada kayi tunanin rayuwarka zata dakata dan wasu sunyi watsi dakai,domin kasani cewa loƙaci bayadaina tafiya saboda lalacewar AGOGO🕞",No
,"A loqacin zuru mukayi mun zurawa sarautar Allah idanu.
Muna jira mai girma gwamna ya tabbatarda (HON IBRAHIM AHMAD KARAYE) Amatsayin dan takarar karaye da Rogo a kakar za6e data wuce ta 2019 yayin sulhunsu da (BARR DEDERI)
:
Tabbas aloqacin munada yaqini hadida tabbacin za'abaiwa mai girma (HON IBRAHIM AHMAD) takara yayin sulhu.
:
Dalili kuwa shine hankalin duk al'ummar kananan hukumomin karaye da Rogo hankulansu ya karkata akansa.
Sabida adaline.
Hazikine.
Mai jin tausayin talaka.
Dason aikin raya qasa.
Yana tsayawa kaida fata domin tabbbatarda adalci akan al'ummar dayake wakilta.
:
Akoda yaushe a shirye yake da amsar koken talaka gamida share hawayensu.( in time)
Wannan daliline yasa muke kallonsa a matsayin mutum mai tausayi.
Sannan kuma wanda yafi kowa can-canta dayin takarar wakilcin karaye da Rogo a wancan loqaci tsakaninsa da BAR (DEDERI) sabida wadannan kyawa-wan halayen nasa.
:
Tabbas bahaushe yayi gaskiya, ""akace ba'a yabon dan kuturu saiya shekara da yatsa"".
:
Kwatsam sai mukaji mai girma gwamna ya umarci (HON IBRAHIM AHMAD) daya yayi haquri ya janyewa (BAR DEDERI) amtsayi yayi takara.
:
A loqacin da sakon hakan ya iso garemu bamuji dadiba.
Bamuso hakanba sabida ga wanda mukeda tabbaci akansa.
:
Amma akace abinda babba ya hango yaro koya hau rimi bazai hangoba.
:
Haka mai girma (HON IBRAHIM AHMAD)
yayita tausar zuciyarmu gamida cewa, muyi haquri Allah yasa haka shiyafi alkhairi.

Mukace to munja baya (MADAKI) Yace a'a. dukkanin gudummawar dazamu iya bashi a harkar siyasa to mubaiwa (BARR DEDERI) abinda yayishi shiyayi (BARR DEDERI) a siyasa.

Haka mukazo muka sadaukarda lokacinmu.
Muka manta da wancan abinda yafaru, muka dauka komi yawuce.
Har aka kai ga nasara.
:
Tabbas ance ba'a yabon dan kuturu saiya shekara da yatsa.
Tun ba'aje ko'inaba DEDERI ya watsarda yan jam'iyya.
Yanuna tamkar basu wahalta masaba.
Yanuna wanda yasa aka basa takarar ma a matsayin wanda baya kaunarsa.

Ya kyamaci kowa
Ya watsar da kowa.
Ya 6ata mana sunan jam'iyya.
Ata dalilinsa",No
,"A rana irinta yau ce, shekaru biyu da ta gabata wani matashi yasha fiya fiya saboda kaunar Maryam Yahaya jaruma a masana'antar kannywood.

Yasha Maganin Kwari Fiya-Fiya Bayan Da Yagaza Samun Damar Haduwa Da Wata 'Yar Wasan Hausa Mai Suna Maryam Yahaya

Dan Jihar YOBE Ne Mazaunin Garin Gashuwa.

Daga ~ Malam Musa Rafinkuka",No
,"KO KUN SAN CEWAR: Wannan Alh Ahmad Idris ne tsohon Akanta Janar na Najeriya tare da kadan daga cikin matasan ƴan jihar Kano da ya samawa aikin ɗamara, Kuma an ce dukkanin su ba dangin iya ba na Baba.

Tabbas ya yi ƙoƙarin sosai domin irin su aka rasa a cikin al'umma, Allah Ta'ala ya saka masa da alkairi ya ƙaro mana irin su.

DAGA Anas Saminu Ja'en",No
,"Wani ɗan shi'a a tebirin mai shayi yana bamu labari yace wato a ranar mai kamar yau wato annabi yace""duk wanda na kasance shugabansa toh aliyu ma shugabansa ne"" sai wani cikin sahabbai yace haba ya rasulillahi kace mu daina bautawa Allolinmu Mu dawo bautar guda ɗaya mun daina mun bika, kace ""mu dinga salloli biyar kullum"" muna yi kace mu dinga azumi mu nayi kace kaza da kaza duk mun ɗauka yanzu kuma kazo kace ""dole sai mun yarda aliyu ya shugabance mu"" idan har aliyu shugaba nane yanzu na mutu.

ɗan shi'a ya ci gaba da cewa take aka ji wata tsawa wadda ba'a taɓa jin irinta ba ta dirarwa mutuminan tayi fata-fata da shi, komai na jikinsa sai da yayi filla-filla Ya mutu.

Nace Allahu akbar Aliyu ba wasa ba na ɗauki biredin da shayin na danƙa masa har da ƙwai.

Shi tunaninsa na gama yadda da abinda ya faɗa ni kuma nasan indai ba mutum cikin mayen yunwa yake ba, bazai yadda da wannan tatsuniya ba.😂😂

Kai musulmai muna ganin addini a gurinku aradu kowa cikin wannan ɓangaren na musulunci wato shi'a da sunnah kowa gwaninsa yake wasawa kamar dai jam'iyyun adawa.

Kowa da an faɗi falalar gwaninsa sai yaji daɗi amma idan an faɗi falalar wanda ba gwaninsa ba sai yayi ta ƙoƙarin ƙaryatawa wato ku na fahimci addinin kun mai dashi kamfanin koyon hassada da zage-zage.

a musulunci ne kawai zaka ga ɗan shi'a ko izala ya dannawa wanda ya shekara dubu ɗaya da mutuwa kuma wae duk addininsu ɗaya.😂😂

ko kuma yayi ta fatan Allah ya sa wannan mutum a wuta toh wannan addini kenan. addini koyar da ɗabi'u na gari aka sani bawai gurɓatasu ba.",No
,"Ka Dinga Yawaita Addu'a akan Allah Ya Karawa Me Kudi Kudi, ya Karawa Me Arziki Arziki, Ya Yayewa Talaka Kuncin Rayuwa da Talauci
.
Domin Muddun Kudin Me Kudi Suka Karu to Wani Mara Kudin Ze Samu Kudi, Haka indai Arzikin Me Arziki Ya Karu Za a Samu Karuwar Masu Arziki 
.
Ya Allah Albarkacin Rasulullahi Sallallahu Alaihi Wa Sallam Ka Yalwata Kudin Masu Kudi Ka Karawa Masu Arziki Arziki Ka Yayewa Duk Me Rai Kuncin Rayuwa, Tsananinta da Kuma Kangin Talauci
.
Mu tuna Cewa Babu Dole se Kayi Kudi ko Arziki amma Dole Ka Rayu da Kudin Wani da Kuma Arzikin Wani, Haka Dole Se Ka Taimaki Me Kudi Komai Kudinsa haka Komai Tsananin Talaucinka, Hakazalika Me Kudi Duk Rowarshi Se ya Taimakawa Wasu
.
Ita Dukiya ko ta Arne ce akwai Hakkin Allah a Cikinta, Muddin Baka fid da Hakkin Allah Daga Dukiyarka ba to Baka isa Ka iya Cin Wannan Hakkin na Allah ba, Imma Wuta tazo ta Cinye iya na Allahn ko Barayi Suzo Su Debi iya Hakkin Allahn, Ko Hatsari Ya Cinye iya Hakkin Allahn Ko Asara tazo ta Cinye Hakkin Allahn Dake Tare da Dukiyar, Hakadai Abun Yake, Kayi Hakuri Ka Fid da Hakkin Allah se Ya Karama Ya Kuma Baka Lada ko Kuma kaki Fid Dawa Ya Fitar da Karfinshi Kuma ya Rubutama Zunubi 
.
Allah Ka Fisshemu Tabewa Duniya da Lahira Albarkacin Annabi Muhammad Sallallahu Alaihi Wa Sallam Ameen 
.
Fulatan News Updates",No
,"Alhaji Musa Tsafe na karamar hukumar Tsafe da ke jihar Zamfara ya kafe cewa ba zai saki matarsa Wasila ba duk da gano haramcin da ke tattare da aurensu.

Malaman Musulunci sun dai bayyana cewa auren ma'auratan wanda ya kwashe tsawon shekaru 20 baya bisa kan tarbar addini.",No
,"IMAMU AHMAD BN HANBAL R.H DA MAI GURASA.

'Imamu Ahmad bn hanbal ya yanke shawarar kwana awani masallaci sai mai gadin masallacin yaki amince masa, imamu bn hanbal yayi 'iya kokarinsa akan me gadin ya amince amma yaki amince mai.

Lokacin da imam ibn hanbal yadebe tsammanin cewa mai gadi zai amince masa, sai ya yanke shawarar kwana awurin da yake a tsaye, shi kuma mai gadin yatafi nesa da masallacin.

Wani me gurasa yana kallon duk abinda ke faruwa, amma baisan cewa wannan imamu Ahmad bn hanbal bane, sai yace tunda yahana ka kwana a masallaci zo ka kwana tare dani.

Sai kuwa 'imamu Ahmad yabi mai gurasa, me gurasa ya karrama shi ya mutunta shi. Bayan nan sai ya dakko kullun gurasarsa, saidai lokacin aikin gurasa harshensa bai gushe ba istigfari kawai yakeyi.

'Imamu Ahmad bn hanbal yacika da mamakin wannan mai gurasa inda yaga lokaci mai tsawo wannan mai gurasa baya da niyyan daina istigfari.

Lokacin da safiya tayi sai imam yatambayi me gurasa menene sirrin wannan istigfari da kake tayi tsawon dare!? Sai mai gurasa yace wannan dabi'a tace kuma tazame min jiki kuma bazan daina taba har abada.

Sai 'imam bn hanbal yatambayi me gurasa, shin ka samu wani amfani a dalilin yasan istigfarinnan naka? Dukda ibn hanbal yasan cewa istigfari yana kawo alkhairai masu yawa da falala.

Saiko mai gurasa yayi rantsuwa cewa, wallahi bantaba yin addu'a ba face an karba min 'ita saidai addu'a kwaya daya, itace ganin imamu Ahmad bn hanbal.

Sai 'imam Ahmad bn hanbal yace masa, to ai nine 'imamu Ahmad bn hanbal, lallai Allah yaturo ni nanne don ya karba addu'anka.
Akanshi muka tsayu 
Sign by zaraddeen officer ",No
,"ZABEN JIHAR OSUN NE YA BAN MAMAKI

Na bibiyi sakamakon zaben jihar Osun a kafar yada labarai na Channels Television wanda zuwa yanzu aka kammala kirga kuri'u

Dan takaran Gwamnan jihar a jam'iyyar mu na APC Gwamna Adegboyega Oyetola yaci kananan hukumomi 13 cikin 30, shi kuma 'dan takaran Gwamnan jihar a jam'iyyar PDP Sanata Ademola Adeleke yaci kananan hukumomi 17 cikin 30

Sakamakon zabe shine PDP ta kwace mulkin jihar Osun daga hannun APC da ratar kuri'u kusan dubu 30

Zaben ne ya bani mamaki sosai, ban taba tsammanin PDP zata kwace mulkin jihar Osun daga hannun APC ba, saboda jihar Yarbawa ne, kabilar 'dan takaran shugaban Kasa a jam'iyyar APC Bola Ahmad Tinubu, a yadda na dauka APC zata yiwa PDP dukan kawo wuka a jihar 

Jam'iyyar NNPP na Kwankwaso ko lissafinta ma ba'a yi, bana zaton sun samu kuri'un da ya kai dubu 10

Allah Ya kyauta",No
,"Bahillce Dan ta'adda ADA ALEIRU Ya Zama Sarkin Fullanin MASARAUTAR ƳAN LOTON DAJI Ƙaramar Hukumar TSAFE Jihar ZAMFARA!

Ƙasurgumin Ɗan Fashin Daji, Ɗan Bindiga Daɗi, Mai Satar Shanu, mai yi wa matan Musulmi fyaɗe, Mai Garkuwa Da Mutane Domin Biyan Kuɗin Fansa ADA ALEIRU Ya Zama Basaraken Ƙabilar Fulani a Masarautar Tsafe Ta Jahar ZAMFARA.
Shi Ada ALEIRU Ba Ɓoyayye Bane Kuma Hatsabibin Ɗan ta'adda ne bahillce Da Gwamnatoci Ke Tsoro. 

Irinsu Dogo GIƊE Na Dajin Kwantagora. Waƙilin Ɓaleri Maisuna Fari Ɗan Juma. Bello TURJI Da Mutanenshi Daga Fakai Ƙarƙashin Zaratan Masu Tsaronshi Irinsu DUNA Da DOSO. Shehu REKEB Daga Dajin SUBUBU. Ali Ɗan OGA Da Lawali DODO Daga Dajin GUNDUMI Duka Sun Halarta. Akwai ILA Mai Mai Makami Daga Dajin RUGU.

Wata Majiya Ta Tabbatar Da Chewa Dukan Ƴan Bindigar Da Suka Gagari Yankunansu Za'a Basu Sarautun domin wannan ce agenda da Fulani suka yi a kasar Hausa 
Bayan sun kashe bayin Allah, sai su zo su mulki wannan yanki.
Tarihi na maimaita kansa, Danfodiyo ma haka ya yi

#Hausa #arewa Hausawan Kasar Hausa Nafiu Dan Kunda Dan Masanin Kasar Hausa Zubairu Ousmane Barham M Mu'azzam Abdulrazak Abdulkareem Ali Ɗan Kabawa Muhamed Hasan Nasiru Saidu Doronbaga Garkuwar Matasan Hausa Hausa Youth Magazine Hausawa FULBE HANDE [ Fulani today ] Hausaland Magazine Hausawa Tsantsa Hausawan Cadi BBC Hausa RFI Hausa",No
,"SANARWA: Ina ta samun sakonni da Positivesters Kan tattaunawa da Labour party Kan Shiga Jamiyyar da yin takara.....

Bahaushe yace Fata Nagari lamiri....don Haka Muna godiya.

Amma...Ina Kira ga Dukkan Alummar Jahar Kano, masoya da magoya baya da su Kara hakuri har sai an cinma matsaya a kan wannan batun....tunda Alummma da Jahar Kano muke kokarin yiwa bawai kanmu Kawai ba....",No
,"A tunani na ga abin da ya ke cewa 😀: “In banda iskanci da wulakanci sai yanzu za ka zo aiki? Ka bar tarin yashi a bakin kogi ba ka dauko ba; ga kan kura tari guda a kurosha ba ka dauko ba; ga kasa tsibi-tsibi a kwari ba ka dauko ba; an yi ma fultanki ka tsiyaye ka siyar; kullum sai karyar inji ya ja iska ka tsaya ka yi bilidin; Kai Mallam ba zan iya aiki da kai ba; tafi na kore ka, kar na kara ganin ka a nan!”",No
,"Kafin a bani aure na Sha suka kala kala

Time din Dana Fara nuna da gaske aure nake so abin da nafi fuskantar jifa akai shi'a anje an samu mahaifin yarinyar an a fada Masa cewa idan ya bani aure yarsa dukan wani tattaki da muzahara Sai na koyawa yarsa karshe a kasheta a banxa ni wai bani da aiki Sai tattaki da muzahara haka dai na Sha suka sosai itama ta fuskar yarinyar hakan abin yake to dai uban da yarinyar sukayi watsi da duk wani shirmen hassada suka bani Yar baby Dina yanxu haka muna da....

Kuma duka qarya ne ban taba zuwa tattaki ko muzahara ba ban taba zuwa wani taro na Yan shi'a ba abinda na sani shine bana musu kallon da sauran wasu al'umma suke musu ni Ina kallonsu a mutane masu gaskia da Kuma roko da gidan annabi (saww) Wanda duk wani musulmi hakan ya kamata yayi ban yadda a zalunche su ba Ina rubuche rubuche akansu sosai Kuma Ina magana akansu wannan shine kawai a takaiche 

Yanxu dai an bani yarinyar mahassada Sai bakin ciki suke🕺💃🤸",No
,"BAMBANCIN MAGANIN GARGAJIYA DA MAGANIN ASIBITI. 
. 
MAGANIN GARGAJIYA: 
Magani ne na al'ada wanda aka gado iyaye da kakanni, saboda haka yadda aka gado shi haka ake amfani dashi, ba a fiya canja shi ba. 
. 
MAGANIN ASIBITI:
Magani ne wanda ake sarrafa shi ta hanyar bincike da karantar qwayar cuta da yadda za a hallakata. Akan
iya canja shi saboda su ma qwayoyin cutar sukan iya canjawa. 
. 
MAGANIN GARGAJIYA:
kowa zai iya hada shi kuma ya bayar ba tare da tabbacin ko yana da ilimin yin magani ko bashi dashi ba. 
. 
MAGANIN ASIBITI:
Mutane na musamman ne ke hada shi Kuma su bayar dashi. Kuma suna da lasisi na tabbacin sun iya
aikinsu. 
. 
MAGANIN GARGAJIYA: 
Baa fiya saka mishi qa'ida ba saboda masu yin shi da masu shan shi basu damu da qa'idar ba. 
. 
MAGANIN ASIBITI:
Yana da qa'idoji yadda ake amfani dashi. 
. 
MAGANIN GARGAJIYA: 
Ba a da tabbacin zai yi magani. Ana shan shi ne a matsayin za a jarraba. 
. 
MAGANIN ASIBITI:
Ana da tabbacin zaiyi magani (Duk da ba lallai yayi 100 bisa 100 ba).. Saboda kafin a fara amfani dashi sai da aka gwada aka tabbatar yana aiki. 
. 
MAGANIN GARGAJIYA: 
Yana rage qarfin alamar cuta ne (misali: zazzabi, kasala, zugi) amma baya warkar da cutar saboda shi kanshi mai hada maganin bai ma san qwayar cutar ba. 
. 
MAGANIN ASIBITI: 
Yana warkar da cuta ne tare da Alamominta (misali: malaria tare da Alamominta). 
. 
MAGANIN GARGAJIYA: 
Yawancin masu sha suna sha ne Saboda yafi araha, basa so su fitar da kudi su je asibiti. 
. 
MAGANIN ASIBITI: 
Suna sha ne saboda sun tabbatar yafi inganci. 
. 
MAGANIN GARGAJIYA: 
Ba a tsabtace shi yayin hadawa.. Shi kanshi zai iya haifar da cuta da rashin lafiya. 
. 
MAGANIN ASIBITI:
A tsabtace ake hada shi, sannan in dai an sha a bisa qa'ida ba zai haifar da wata matsala ba. 
. 
MAGANIN GARGAJIYA:
masu bayar dashi su kan fadi abun da ba haka ba (misali: su ce magani daya yana maganin cututtuka 99) alhalin Kowacce cuta abun da yake kawo ta daban. 
. 
MAGANIN ASIBITI: 
Kowacce cuta tana da maganinta daban, Kuma sai da aka karanci qwayar. 
. 
DK 1
AA Ahamad Gama Shi ne ya dauki Nauyin Wannan Fostin Din.",No
,"Asalin gaskiya shine, mune a arewa muke girmama Tinubu kuma muke darajashi, yan uwansa yorubawa adawa sukeyi da arzikinsa. Yafi samu komai da sauki a arewa akan kudu. Zamana a osun nagane hakan haka zalika lagos. Kawai mu yan buhariyya muna goyon bayansane don abunda yayima alokacinda muke bukata. Amma gaskiya suna zaginsa sosai",No
,"Muddun Ka Aikata Mummunan Laifi Zaka Gamu da Mummunan Hukunci Ko Kanaso Ko Bakaso, Kuma ko Ana Sonka Ko Ba a Sonka
.
Duk Alkhairin Mutum Yana da Sharri irin Nashi Wanda Muddin Yayima Sharrinshi to Bazakaga Alkhairinshi da Daraja Ba, Haka Duk Sharrin Mutum Yana da Alkhairi Idan Yayima Alkhairinshi Se Ka Gaza Ganin Sharrin Nashi
.
Don Haka Mu Gane Cewa Dukkaninmu Zul Wajhaini ne, Mukanyi Alkhairi Kuma Mukanyi Sharri, Mukanyi Abun Tsiya Mukanyi na Kirki
.
Ya Allah Kasa ko a Ma'auni Abun Kirkinmu ya Rinjayi na Tsiya, Alkhairinmu ya Rinjayi Sharrinmu Albarkacin Rasulullahi Sallallahu Alaihi Wa Sallam Ameen 
.
Fulatan News Updates",No
,"Hon Auwal Sani Rogo

mutum ne mai girmama duk wanda ya ke hulɗa da mu'amala a tare da shi; mutum ne mai tawali’u da karamci da girmama kowa ba tare da la’akari da matsayinsa, ko girmansa ko siffarsa ba. 

__Mutum neh mai matuƙar fahimta wanda zaka iya tattauna komai da shi don kawo gyara da sauyi, kawar da ɓarna, neman masalaha da samar da ci gaba.

__Bugu Da Ƙari Kuma Jajirtacce Neh , Kullum Cikin Hidimtawa Wannan Tsari Na Kwankwasiyya Yake Domin Tabbatuwar Nasara A Zaɓen Da Muke Tunkara.

Babu Shakka Samun Ka A Matsayin #ROKSOM Chairman ba Ƙaramar Nasara Bace A Garemu , Domin Koh Yanzu Kayi Silar Samuwar Nasarori Wanda Ba'a Taɓa Samun Su Bah A Wannan L.G Tamu , A Ɓangaren Social Media.

Ina kuma roƙon Allah (S.W.T) Ya ƙarawa Rayuwar Sa albarka albarkacin fiyayyen halitta Manzon tsira Annabi Muhammad Sallallahu Alaihi Wa Sallam.",No
,"Mutumin Da Ya Fi Kowa Yawan Kwalon Digiri A Duniya

Farfesa VN Parthiban kenan ɗan kasar Indiya mai shekaru 61 a duniya shi ne mutumin da ya fi kowa yawan kwalin digiri a duniya.

Ya yi digiri 145 akan fannoni daban-daban na ilimi, yana ɗaya daga cikin waɗanda suka fi ilimi a duniya kamar yadda bincike ya nuna.

Yana koyar da darussa sama da 100 a kwalejoji daban-daban a kasar Indiya.

Daga Mutawakkil Gambo Doko",No
,"CIKAKKEN MAYAUDARI SHINE WANDA YAKE YAUDARAR KANSA:

Hakika duk wanda yake zaton jam'iyar PDP zata iya cin zaben 2023 a jihar Zamfara babu shakka yana yaudarar kansa ne, domin a fadin kananan hukumomi sha hudu dake jihar Zamfara babu inda jam'iyar PDP ke da hazikan mutanen da zasu iya fito na fito da gwamnati, ballai su iya yakar ta a siyasance.

Yau idan akace gwamnatin jihar Zamfara, ba gwamna Matawalle kadai ake nufi ba, abun ya kumshi har da su tsohon gwamna Abdul-azeez Yari, Sen. Yarima, H-E. Mamuda (Mas), Sen. Marafa, Amb. Bashir Yuguda, Hon. Aminu Jaji, Sen. Sen Sahabi Yau Sen. Lawali Hassan Anka da sauran jiga jigan gwamnati domin duka a karkashin inuwar jam'iyar APC suke.

Haka zalika ma'anar kalmar (Yaki) a gidan siyasa bata nufin cin mutunci koh cin zarafi ballai ayi maganar sare sare, kone kone koh kuma wasu ayukka na ta'addanci. Ita wannan kalma ta (yaki) a gidan siyasa tana nufin gasar juna a tsakanin wadanda ke mulki da wadanda ke neman mulki ta hanyar sharewa talakawa hawayen su a duk sanda suka koka.

Ku kasance dani a nan gaba kadan domin jin yadda ta kaya a hasashena na cin nasarar Jam'iyar APC a zaben 2023.

Muhd Mado ✍️",No
,"A rana irin ta yau wata babbar kotu a Kaduna ta wanke jagoranmu da sabulu fari tas, sannan ta karyata gwamnatin shaqiyin bawa El-Rufai da uban gidansa.
Duk tuhumar da gwamnati tayi masa wanda wawayen arewawa suka yarda da karyar tasu, to Kotun ta ce jagoranmu bai yi laifin komai ba.
-
Ina taya ku murnar wannan babbar Idi bisa ayyana Amirul Mu'umineen Aliyu bn Abi Talib (as) a matsayin wasiyinsa.
Nasir Abu Muhammad.",No
,"Kadan daga cikin makarantun primary na mazabar jada LG din Atiku Abubakar Dan takarar jam iyyar PDP 
Yanxu bai gyara garinsuba zai iya gyara Nigeria ??

Daga Comr Isa Zare Yola.",No
,"Bela Hadid 26 years old, haifaffiyar Amurkace.
Wai a cewarsu itace tafi kowace Mace kyau a duniya.
Ni kuma nace wlh karya ne ko Bakatsiniyar chan sarkin sa abinci a story Ameerah aradun Allah ta fatattaka ta a kyaun fuska da cikar halitta balle uwa uba kuma she's a muslem.",No
,"UBA MAFI ƘARANCIN SHEKARU A DUNIYA

An Bayyana Sean Stewart a Matsayin Uba Mafi Ƙarancin Shekaru a Duniya

Wani yaro ɗan shekara 13 daga birnin Auckland na ƙasar New Zealand, ya zama uba mafi ƙarancin shekaru a duniya bayan da ya haihu da mahaifiyar abokinsa ƴar shekara 36 da haihuwa.

Yaron ɗan makarantar firamare, da jaririn a yanzu an yi imanin dukkansu suna cikin kuLawa, sai dai yanzu haka ita matar na fuskantar tuhumar aikata laifuka na cikin zarafin yaron wanda abokin ɗan ta ne.
Sorces #IDONMIKIYA",No
,"Molewar Kan Jarirai | Laifin Ungozoma Ne?

Ta wace hanya za a kauce wa matsalar?

Sau da yawa, idan mutane suka ga yaron da kansa ya ɗan mole ko ya taɓe daga goshi ko ƙeya sai su ce wai laifin ungozomansa ce da ba ta daidaita kan yadda ya kamata ba. Sai dai, wannan magana ta yi hannun riga da binciken masana. Domin ƙoƙon kan jarirai an haɗa shi ne da ƙasusuwa masu faɗi guda bakwai, waɗannan ƙasusuwa suna haɗewa kuma su yi ƙarfi har su bayar da cikakkiyar siffar ƙoƙon kai a cikin watanni shida. 

Saboda haka, kan jarirai na iya canja sifa idan aka samu ƙarancin lura yayin raino, musamman a watannin farko bayan haihuwa. 

Me ke kawo kan jarirai ko yara ke molewa, taɓewa ko kusurwa daga goshi ko ƙeya?

Daga cikin matsalolin da ke haddasa wannan matsala akwai matsalar nan da a ke cewa ""Positivesitional Plagiocephaly"" a turancin likita. Wannan matsalar sifar ƙoƙon kai tana faruwa ne sakamakon kwantar da jarirai a bayansu tsawon lokaci ba tare da ana jujjuya su ba. Sakamakon ƙoƙon kan jariarai bai gama yin ƙwari sosai ba, wannan ya sa ƙoƙon kansu ke da haɗarin yin kusurwa.

Daga cikin alamun sun haɗa da:

1] Molewa, taɓewa ko kusurwar ƙoƙon kai daga ƙeya.

2] Saɓawar kunnuwa; ta yadda idan aka kalli kan yaro ko jariri daga sama za a ga kunnen ɓarin da ke da matsalar ya zarce gaba zuwa fuska fiye da na ɗaya ɓarin.

Wannan matsala an kasa ta zuwa : Mafi ƙaranci, matsakaiciya da kuma mafi tsanani.

Amma wannan matsala ba ta shafar aiki ko lafiyar ƙwaƙwalwa, sai dai matsalar sifar ƙoƙon kan kawai.

Abubuwan da ke iya janyo wannan matsala:

Bayan kwantar da jarirai tsawon lokaci a bayansu ba tare da ana jujjuya su zuwa hagu, dama ko rib-da-ciki ba.

Akwai abubuwan da ke ƙara haɗarin samun molewar kan jarirai kamar haka:

1] Ƙarancin ruwan mahaifa yayin goyon ciki.

2] Ƙuncin ƙugu ko mahaifar uwa.

3] Ɗaukar cikin tagwaye, ko fiye da haka.

4] Ɗaurewar tsokokin gefen wuya da ke kawo noƙewar wuyan jariri zuwa gefe guda wato ""muscular torticolis"", da dai sauransu.

Yadda za a magance faruwa matsalar.

Abin yi shi ne da zarar an haifi jariri to lalle ne a ɗinga lura da yanayin kwanciyarsa. 

Misali:

a] A riƙa zuya shi daga kwanciyar rigingine zuwa kwanciyar [magirbi] gefe; wato hagu ko dama ta hanyar tokarewa da naɗaɗɗen tawul ko zani. Ko kuma kwanciyar rib-da-ciki, amma a yayin kwanciyar rib-da-ciki akwai buƙatar ƙara lura da kuma sanya ido sosai. Domin kada hancin jariri ya toshe ya hana shi numfashi.

b] A ɗinga canja gurbin kai da ƙafafu, misali, idan yanzu kan jariri yana Gabas, to sai a juya ya koma Yamma. Hakan nan daga Kudu zuwa Arewa.

c] A rage yawan lokacin da jarirai ke ɗauka a cikin kujerar raino ko keken raino.

d] A ɗinga jujjuya kai ko fuskar jariri daga wannan ɓari zuwa wancan ɓari.

Idan iyaye ko ungozomomi za su lura da waɗannan shawarwari za a rage afkuwar wannan matsala.

Sai dai, idan kan yaro ya wuce fiye da watanni uku bai koma daidai ba, ko kuma akwai jinkirin matakan girma, to akwai buƙatar zuwa asibiti domin ganin likita.

Bugu da ƙari, idan kin lura jaririnki ba ya son kallo ko juya kansa zuwa wani ɓangare, ko kuma idan aka yi ƙoƙarin juya fuskarsa zuwa wani ɓangare yana kukan ciwo, to akwai buƙatar ganin likitan fisiyo.

#DeformationalPlagiocephaly

#CephalicIndex

#DifferentialCraniosynostosis

#MuscularTorticolis

#Craniometry

#HelmetTherapy",No
,Jami'an Sintiri Sun Kama Wani Mai Chajin Waya Cikin Dare Zai Jangwale Wutar Unguwa Dan A Dinga Kawo Masa Chaji Akai Akai.,No
,"SUNAYEN HausaWA DA MA'ANONINSU.

TANKO: Yaron da aka haifa bayan mata.
KANDE: Yarinyar da aka haifa bayan maza.
KILISHI: Yarinyar da aka fara haifa babanta ya samu sarauta.
BARAU: Yaron da aka haifa ya rayu, amma an haifa wasu kafin shi ba su rayu ba.
SAMBO: Yaron da aka haifa bayan maza da yawa.
TALLE: Yaron/yarinya da mahaifiya ta rasu tana gama haihuwa.
AUDI: Yaron/yarinyar da mahaifi ya rasu kafin a haife. MIJIN-YAWA: Yaron da aka haifa dukkanin kakannin sa suna raye.
DIKKO: Yaron da aka fara haifa (Dan fari).
SHEKARAU: Yaron da ya shekara a ciki
MAIWADA: Yaron da aka haifa iyaye suna cikin wadata.
GAMBO: Yaron/yarinyar da aka haifa bayan tagwaye.
CINDO: Yaron/yarinyar da aka haifa da yatsu shida.
MARKA: Yarinyar da aka haifa lokacin marka-marka.
ALHAJI: Yaron da aka haifa lokacin aikin haji.
AZUMI: Yaron/yarinyar da aka haifa lokacin azumi.
SARKI: Yaron da aka sama sunan sarki.

SUNAYEN NA'URORIN BATURE DA AKA CANZA MASU SUNA ZUWA Hausa.

Ford = Hodi 
Bedford = Bilhodi 
Mercedes = Marsandi 
Peugeot = Fijo
Volkswagen = Besuwaja
Volkswagen Beetle = Ladi ba duwawu
Fiat = Fet 
Austin = Ostan-Ostan 
Bus = Kiya-kiya (borrowed from Yoruba)
Station wagon = Dafa-duka
1973 Mercedes-Benz W114/W115 = Bagobira
1982 Toyota Corolla = Bana ba harka
Hatchback/coupe = ‘Yar kumbula
Long bus = Safa 
Ten-wheel = Tangul 
Mercedes 911 truck = Roka 
Mercedes 1413-1414 truck = Bargazal
Mercedes 1312 (and similar sizes) truck = 'Yar Fakas
Max Diesel = 'Yar Rasha (Kirar Kurma) 
Man Diesel (12-Wheeler) = Kwamanda
Truck with wooden body = Shorido
Hearse = Motar gawa
Towing van = Janwe
Tractor = Tantan
Trailer = Titiri 
Pick-up van = A kori kura 
Bulldozer = Katafila 

SUNAYEN WASU YANKUNA DA Hausa.

Ibadan = Badun
South West Nigeria = Kurmi
Positivert Harcourt = Fatakwal
Onitsha = Anacha
Africa = Afirka
America = Amurka
Turkey = Turkiyya
Istanbul = Santabul
Parsia = Fasha 
Russia = Rasha
Germany = Jamus 
Britain = Birtaniya
Sierra Leone = Salo 
Chad = Chadi
Cotonou = Kwatano 
Positivert Lame = Fallomi 
Yemen = Yamal 
Israel = Isira'ila
China = Sin 
Niamey = Yamai 

SUNAYEN WASU ABUBUWA DA AKA CANZAWA SUNA ZUWA Hausa.

Conductor = Kwandasta
Scrutiniser = Sakwaneza
Brake = Birki
Gear Box = Giyabos
Bumper = Bamba
Radiator = Lagireto
Carburator = Kafireto
Distributor = Disfuto
Coil = Kwayil
Valve = Bawul
Bearings = Boris
Rigs = Ringi 
Plug = Fulogi
Crank Shaft = Karanshaf
Grand Overhaul = Garanbawul 

Sunayen Igbo da Yarabawa da Turawa da sauran kabilu wandanda Hausawa suka canjawa launi.

1) Tope = Takwai
2) Kingsley = Kirsili
3) Gbenga = Biyanga 
4) Ifreke = Cikurege 
5) Ngozi = Ingozi
6) Nwankwo = Nawanko 
7) Gbagyi = Gwari
8) Luggard = Lugga
9) Bordeaux = Bod'o 
10) Awolowo = Awwalaho
11) Nnamdi = Namandi 
12) Balat Hughes = Balatus
13) Taylor Woodrow = Tal'udu.

Daga Ado Rabo",No
,"Alhamdulillah.
Kai tsaye zaka iya shiga ta wannan Link din👇

Arewacomputerlibrary. com.ng👈

Domin yin register da Arewa Computer Library don zama daya daga cikin dalibanta kuma member nata, kana shiga Link din zai kaika page din farko na site din, daga gefe zakaga wata alama (gasunan naja masu layi a hoton da na saka) kana danna alamar zaki baka Options kamar haka:

1. Home
2. Classes
3. Bulletin
4. Contact
5. About
6. Become a member

Sai ka danna wurin da aka rubuta ""Become a member"" yana budewa zai baka page din da zaka cike bayananka, kana gama cikewa zakayi Submitting zai baka bayanan cewa muna tayaka murna da cike form na ACL kuma information dinka ya tafi zuwa garemu domin zama cikakken dalibi zakaga Account number a Page din sai ka dauka kayi Payment din 2k bayan katura sai kayi Screenshort na shaidar transfer din katura a wata lamba da zaka gani a Page din, idan ma PositiveS zakaje zasu baka Reciept sai ka dauki hotonsa katura ma lambar domin tabbatar da kabiya kudin register.

Kana kammaLawa kai tsaye za'a dauki lambarka na WhatsApp domin adding dinka a cikin Group na sabbin Dalibai InshaAllah..

Note: Idan zakayi kayi akan Lokaci domin ACL tanada adadin daliban da zata dauka a wannan karen.

Ubangiji Allah Yasa A Fara Sa'a, Allah Kuma Yayi Jagoranci Bakidaya..🙏",No
,"AMINA ISIYAKU: Manyan Mabiya Shafin RARIYA (Top Fan)

Amina Isiyaku ta kasance daya daga cikin masu bibiyar shafin RARIYA sau da kafa, inda take yawan tofa albarkacin bakinta kan duk wani labari da za mu dora ba dare ba rana.

Hakan ne ya sa a wannan karo muka zakulo ta domin jinjina mata a bisa kasancewar da take tare da mu a koda yaushe. 

Malama Amina ta kuma yi amfani da wannan dama wajen kira ga 'yan Nijeriya da su yi wa kasa addu'ar samun zaman lafiya da kuma fatan samun shugaba nagari a yayin zabe mai zuwa (2023).

SANARWA: Masu karatu kada ku manta za mu cigaba da zakulo mabiyanmu daya bayan daya domin jinjina musu.",No
,"Duk al'ummar da abinda zataci (abinci) sai ta fita daga hayyacinta sannan zata sameshi, wa ya gaya maka wannan al'ummar tana hankalta da wuri! 😎",No
,"ALGHADIR...

A watan da Annabi SAW yayi hudubar bankwana...

A watan da Annabi SAW yayi Hajin Bankwana...

A watan da ayar nan ta Suratul Ma'ida aya ta 67 ta sauka mai cewa Annabi SAW( Isar da Sakon da aka Saukar maka...)

A watan da ayar nan ta Suratul Ma'ida aya ta 3 ta sauka da cewa a (Yau Na Cika muku addininku....)

A watan da Annabi SAW ya tara Sahabbai masu komawa Madina Madinar da a can za a shugabanci Musulmai.yayi musu Bishara da cewa Duk wanda nake shugabansa to Aliyu Shugabansa ne....

Idan dai har wadannan ababen sun faru kamar yadda Ahlussunnah da Shia suka tabbatar to bai kamata mu saura da wani kokwanto na cewa Shugabancin IMAMU ALI Ga baki dayan Alummar da Annabi ya taba shugabanta wani abu ne da ya takaita ga wasu sojojin Yamen ba.... Wannan watan da wadannan kwanakin Sakonnin Ilahirin Musulmin da ke wurin da wadanda basu wurin ko ma basu zo duniya ba shi Annabi SALLALLAHU ALAIHI wasallam ya isar babu kokwanto. Ciki kuwa har da Imamar Imamu... (AS) 
ALLAH KA SHAIDA MUNA SON IMAMU ALI DA AHALIN GIDANSA YAN GIDAN ANNABTA",No
,"Alfijir Hausa ta baiwa Mai bibiyanta akoda yaushe kyautar ta 5K da Kuma DATA 3G 

Nanerh Hawwerh tana Daya daga cikin dubbannin Mabiya a Nan gida Nijeriya Kama hadda mawakfta na Wannan kafa Mai albarka da Farin Jini."" 

""A cikin lamuran wannan baiwar Allah akwai aikin hankali, duba ga yadda take tanka mana Lokaci bayan lokaci dazaran muka kawo labari, bisani tana amfani da Alkalaminta ta wurin zayyana Alheri akan mu, baza kataba Jin tayi batanci ba, cin fuska, bare izgili ga Wani ko wata. ba bama a wanna kafar namu ba hatta a sauran wasu kafofin yada Labarai tayi shura akan Haka."" 

Bugu da Kari Matashiyan tana amfani da Alkalaminta a domin Yi Mana Nasiha tacikin hikima dazaran mukayi Wani Abu ba dai-dai ba, Koba komai mu ajizaine zamu iya akata sabanin Dai-Dai, Alhamdulillah da Samunki cikin rukunin Zakakuran Masu bibiyarmu akoda yaushe.""

""A domin haka muka ga lallai ta cancanci yabo, da Kuma sakawa da kyauta Mai tsoka ta musamman da hukuman Kamfanin Jaridan Alfijir Hausa zatai Mata, bisani an Bata kyautarta ta Naira dubu biyar #5K da Kuma DATA #3G duk a domin kyautatawa""

""A dai jiya Asabar ne dai 16/07/2022 muka tura Mata da hakkinta Zuwa asusun bankinta na #GT biyo bayan yin Mata alkawarin hakan a shekaranjiya Juma'a kamar yadda muka wallafa hakan Kai tsaye daga Nan babban kafarmu Kuma mun cika Alkawarin sako ya isa gareta. A zantawarmu da ita."" 

""Sannan muna yiwa sauran Mabiya fatan Alheri da cewa Allah ya bar Zumunci Amin summa Amin.",No
,"SHI WANNAN BIDIYON....

Na samo shi ne saboda yan siyasa su saurari abun da wasu masu zabe ke cewa a jihar Osun...

Da yarabanci suke magana, amma dai naji wajen da aka tambayesu game da wa zasu zaba a zaben shugaban kasa, sai suka ce Tinubu, da aka tambayesu a zaben gwamna fa sai suka adeleke....

A samu wani ya fassara zuwa Hausa, don afi saukin jin tambayoyin da akayi musu, da kuma amsar da aka bayar....

Kar dai a manta, Saka Bidiyon da nayi siyasa ce ta sanya haka, tun da a lokacin siyasa muke....",No
,"Ƴan Bindiga Sun Kashe Matashi A Katsina

A Daren Jiya Asabar Ƴan Bindiga Dauke Da Bindigogi Suka Kai Hari A Garin Tsagero Dake Cikin Karamar Hukumar Rimi A Jihar Katsina Inda Suka Hallaka Wani Matashi Har Lahira, Badamasi Rabe, Wanda Aka Fi Sani Da (Bosi) Har Lahira.

Majiyar RARIYA Ta Shaida Mata Cewa Ƴan Bindigar Sun Shigo Cikin Garin Tsagero Da Misalin Karfe 2:30 Na Daren Jiya Asabar, Bayan Sun Kashe Bosi Dake Sana'ar Kayan Gwari, Sun Kuma Tafi Da Wata Kurkura A Garin.

Tuni Dai Aka Yi Jana'izarsa Kamar Yadda Addinin Musulunci Ya Tanada A Garin Tsagero Dake Karamar Hukumar Rimi A Jihar Katsina Da Safiyar Yau Lahadi.

Allah Ya Jikansa Da Rahama!

Daga Jamilu Dabawa, Katsina",No
,Kungiyar CAN tajefawa musulmin Nigeria wani kalubale da duk wani mai Hankali yakamata yabada gudummawarsa wajen tabbatar musu da karfin musulunci dakuma muslimai a Nigeria Sunce muslim muslim bazasu ci zabe ba yakamata muje muyi Register kuma mukauda maganar Jam'iya mukwatarwa Addininmu yancinsa domin ganarda Al'ummar duniya cewa musulunci Addinine dayake samada kowane irin Addini a duniya kuma Addinine da nacikinsa suke kishinsa tareda so da Kaunar Junansu,No
,"Shekaru kusan goma da suka wuce bana manta Babbar Sallah Layya ya riske ni acan kudancin kasar nan cikin a jahar Edo. Na shirya tsaf zani Idi sai na lura akwai wajen yin Sallah Idi mafi kusa wato wajen kasuwar Shanun wato unguwan Eyaen don nan ne mutanen Arewa sun fi haduwa sosai wajen sayar da dabbobi don babu wadataccen waje da zai dauki yawan jama'a filin Idin. 

Daman tun ina dan karami garin yarbawa na tashi nayi rayuwata don koda yaushe tare ake hadu ayi sallah ba'a nuna bambanci. Dan Darika zai iya yin wazifa a masallacin da suke sallah haka suma masu Da'awar AHLUSSUNAH bayan magariba ko a Asuba suma sun taba karatu da nasihohi sabanin yadda a arewa akeyi don har National mosque har rigima akeyi akanta 

Da isowata filin Idi mamaki ya kamani matuka ta yadda na rasa ina zan zauna saboda na lura masallatan guda biyun dake wajen da bai fi mita 10 a tsakanin duk suna hudubar Sallah IDI gashi kowanne ya kure lafsifika sai ka rasa me kake sauraro.Dukkan su sun cika har waje ta yadda sahun ya ta karuwa har ya iso gaban dayan masallacin da liman yake huduba. A tunani na zata ko 'yan garin benin ne suka ware wajen masallacin saboda suma su gabatar da huduba ko don mutanen su suji ashe ba haka ba. 

A cikin raina nace har yanzu mutanen Arewa basu fasa halinsu akan kungiyanci addini har kudancin kasar haka suke? Shin me amfanin da baza su hadu suyi Sallahr Idin tare? Yaushe zamu waye cikin addini kamar yadda sauran Al ummah duniya da ake musu wani gani gani na riko da musulunci

Ta tabbata ko saudiyya mutum yaje sauke farali dole ya aje kungiyanci a gefe ya fuskanci abinda ya kawo shi don naga bana ma wani da ake gani shi Dan interfaith shine yayi limanci ya gabatar da Sallah da yin huduba a Ranar Arfa. Wannan shine Addini ba tare da nuna kafi wani tsoron Allah ko fahimtar daidai",No
,"“Ya Rabbi 🤲
Kai Mana Arziƙin Da Zamu Ciyar Da Iyayen Mu‚ Mu Shayar Da Mu Tufatar Da Su‚ Kada Su Nemi Wani Abu Wurin Mu Su Rasa
🤲",No
,"Labari da Dumi Dumi.....

KANO STATE #APC CENTRAL WORKING COMMITTEE

Wannan Kwamiti wanda yake a Karkashin wasu daga cikin EXCO na Shugabancin Jam'iyar APC Jihar Kano, a karkashin Shugaba Amb Amadu Haruna Zago.

Sun Gabatarwa da Maigirma Jagoran Jam'iyar APC Jihar Kano G-7 Sanata Malam Ibrahim Shekarau, FORMS na National Delegate din da zasu jagoranci Zaben SHUGABAN JAM'IYAR APC NIGERIA, a Babban taron Jam'iyar da Za'a Gabatar a wannan Shekarar ta 2022 Idan Allah yakaimu.

Maigirma Sanata ya yaba musu bisa Jajircewarsu akan Aikin Jam'iya, yakuma Umarcesu dasu koma Kananan Hukumomi suyi Adalci su Dakko Wakilai nagari wanda zasu Wakilci Jihar Kano a wannan ZABEN da za'a Gabatar na Kasa.
#ShekarauNews",No
,"INNALILLAHI WA'INNA ILAIHI RAJI'UN YANZU YANZUNAN MUKE SAMUN WANI LABARI MARA DADI AKAN CEWA ALLAH YA YIWA ALI ARTWORK RASUWA MADAGWAL GASKIYAR MAGANA AKAI👇👇👇👇👇👇👇👇👇👇
https://digitalskil.com/innalillahi-wainna-ilaihi-rajiun-yanzu-yanzu-allah-ya-yiwa-ali-artwork",No
,"Dan Allah sahihiyar Hausa nake so a faɗa min. Idan ba haushe Yace"" ina gindin bishiya"" ɗan Sokoto sai yace anyi batsa.idan kuma ɗan Sokoto yace gutsun bishiya Sai ɗan Kano Yace anayi batsa.

To me zamu ce kowa ya yadda ba'ayi batsaba?",No
,"LABARI: Kamfanin BUA, Dangote Sun Saukaka Buhun Siminti Akan Naira 2000

Majiyarmu gamsashiyya ya shaida maja ce wa, Hamshakan yankasuwan Najeriya Alhaji Abdussamad isyaka rabiu da takwaransa Alhaji Aliko Dan gote, sun saukaka farashin buhun siminti akan naira 2000 ga Yan kasuwa masu sari daga kamfani.

Sani kowane yadda siminti yayi tsada talaka babu irin wahalar da baishiga ankan wanan ba yakamata kanan yan kasuwa sums su tausayawa talaka domin yasamu saukin rayuwa.",No
,"Rabon Sallah ga Mata Shanu da Kayan abinci Kai tsaye Daga Matan Air Marshal Sadiq Abubakar Kuma Dan takaran Kujeran Gwamnan jihar Bauchi a Jamiyyar APC-;
____________________

A safiyar Yau ne Hajiya Sadiya farouq Matan Air Marshal Sadiq Abubakar Baba Habu ta aike da wakilan ta zuwa ga Mata a gidaje kamar haka- Domin Kai musu Abinci da Shanu Domin hidimar Babban Sallah .

Gidajen da aka aike da Sakon a Yau sun Hada da Gidan Alkali Aminu .Gidan Barebare .Gidan Rimi Unguwar Wunti .Gidan Kanwa Unguwar Wunti street
Gidan Sarkin Gwallameji .Gidan Mu'Allah Yidi Yelwa Bauchi . Dukkanin Gidajen an isar da kyautan ne hannun Mata Domin su Sami zarafin Bikin Sallah Lafiya.",No
,"LABARI MAI DADIN Ji, 'Yanbindiga 37 Suka Shiga Hanngu A Sokoto 

Rundunar 'Yansanda ta kasa da ke Sokoto ta kama, Mutane 37 take tuhuma da laifin satar mutane da fashi da kamami da sauran laifuka.

An kama' Yan bindigar a sassan Jihar Soskoto, da suka Hadar da illela da Gundun gudun da Rabbah, da Isa da Bungo da Sangari da Dunawa Tsamaye da Tangaza da Heli da Goronyo da Meyel da Sakanau da Lua da Zangon Isu da dai sauran su.

Mutanen ana zargi su da alaka da Jagoran 'Yan bindiga Bello Turji wanda ake nema ruwa a jallo.

Kazalika an samu makamai iri iri ciki harda makamin roka da manya bindigogi da alburusai masu yawa. 

Sanarwar da kakakin Rundunar 'Yansandan Sokoto ASP Sanusi Abubakar, ya fitar tace ana cigaba da gudanar da bincike, sannan a gurfanar dasu gaban kotu.",No
I would be perfectly happy with a girl like that..she's hotter than the whales that regularly reject me.,Zan samu farin ciki da yarinya irin wannan.. tafi waɗancan lutayen dake gudu na.,Yes
A femoid would have to do some really fucked up shit to little boys to end up the sex offender registry. A male can become a sex offender just by looking at a girl for too long,Mata zasu yi abinda zai sa ƙananan yara maza su karya dokokin jinsi. Namiji zai iya karya dokokin jinsi don kawai ya kalli mace na tsawon lokaci.,Yes
Imagine the hellfire if a male senator said that about women.,Kayi tsammanin me zai je yazo idan Sanata ya faɗi haka akan mata.,Yes
"Plus it's easy to be a slut. Tinder, be a woman. Bars, be a woman. All she has to do is say yes. A man? Be rich, good looking, successful, interesting. Top 1% of men can do this. And there's work involved.","Bugu da ƙari abu ne mai sauƙi a zama karuwa. Tinder kasance mace. Bars kasance mace. Iya abinda take buƙata shine tace Eh. Namiji? Ka zama mai kuɗi, kyakkyawa, abin so. Kashi 1 cikin 100 ne zasu iya. kuma sai anyi aiki.",Yes
Day by day i want to kill every woman on this earth more and more,A kullum ina so na kashe matan da ke duniyar nan da sama da haka.,Yes
Once women hit 30 they probably have to date men in their 40s and 50s. That's fucking gross.,"Da zarar mace ta kai shekaru 30, da alama dole ta fara haɗuwa da maza masu shekaru 40 zuwa 50. Abin ƙyama",Yes
"Agreed Women are worthless . They offer no intelligent conversation . Nope sorry Hun I'm not interested in Nightclubs, parties , Clothes and the Kardashians .","Na yarda mata basu da amfani, basu taimako wajen tattaunawa ta ilimi, A'a sorry abin ƙauna bana zuwa kolub na dare, ba ruwana da su Kardashian.",Yes
,"DUNIYAR MUSULUNCI TAYI BABBAN RASHI

Yanzun nan muke samun labari marar dadi dake cewa 'yan majalisar tarayya na Kasar Pakistan sun tsige Prime Minister na Kasar Imran Khan

An tabbatar da cewa Kasar Amerika itace ta kitsa wannan makircin, saboda Imran Khan yana daya daga cikin shugabanni Musulmi a duniya kalilan da suka rage wanda suke iya nuna wa Amerika da kawayenta yatsa idan sun taba Musulunci da Musulmai

Kawar da Imran Khan rage wa Musulunci karfi ne ta kowace irin fuska, yanzu ne duniyar Musulunci take bukatar mutane irinsa

Allah Ka isar wa Musulunci da Musulmai",No
,"YA LABARI DUNIYA ?

Jama'a Barka da Safiyar LAHADI 17-07-2022!

Ibrahim Bello Yobe ne zai kasance da ku a cikin Shirin Ya Labari Duniya na Kafafen 'Yanci Liberty TV da Radio na yau LAHADI da karfe 7 na safe!

KADAN DAGA CIKIN KANUN SU!

*Yan Najeriya Kukan Dadi Suke Yi. inji -Buhari

*Buhari ne silar duk wani tashi hankali a Najeriya, gwamna Ortom ya fadawa kasar Amurka

*Yadda tsabagin Talauci yasa yan Nageriya Ke Neman Masu Sayen Kuri’unsu A Zaben Gwamnan Osun.

*Yan bindiga sun kai hari jirgin ruwa sunyi garkuwa da mazaje sun bar mata a tsakiyar tekun babu direba

*Sojoji sun kashe Boko Haram 42 a Arewa maso Gabashin Najeriya - 
-Hukumar tsaro ta ƙasa.

Ku bayyana ra'ayoyin ku a kan Labarin da ya fi daukan hankalin ku a cikin Shirin.",No
,"labari da Dumi Duminsa zakuji cewa shugaban mawaka Rarara da tawagarsa sun kaiwa Zababben Dan takaran Jam'iyar APC ziyara tayashi farin ciki,

tare da tabbatar mashi da cewa yan Arewa na tare dashi,

Ganin Rarara da Tinubu ana tinanin idan yaso Waka tofa Tinburrr za'awa yan PDP 

Ranan News ta Home of solace kuturo News dasuka faru satin daya wuce a Nigeria amaku approving",No
,"Tsibirin Bermuda 🇧🇲 Triangle.

Triangle na Bermuda, wanda kuma aka fi sani da kusuwar Iblis, labari ne wanda aka mayar da hankali kan wani yanki a yammacin yankin Arewacin Tekun Atlantika inda aka ce wasu jiragen sama da jiragen ruwa sun bace a cikin yanayi na ban mamaki.

Duk da cewa duniya da dama da abubuwan mamaki ke faruwa a cikinsu ba tare da Dan Adam ya fahimci musabbabansu ba, Tsibirin Bamuda (Bermuda Island ko Bermuda Triangle) ne kadai ya fi shahara a bakunan mutane sanadiyyar haka. Wannan shahara ta samo asali ne daga nahiyar Kudancin Amurka (South America), a hankali labarin ya ci gaba da yaduwa zuwa sauran kasashen duniya.

Manyan ababen mamakin da ake ikirarin suna faruwa a muhallin tekun da wannan tsibiri yake sun hada da bacewar jiragen sama masu dauke da fasinjoji ‘yan kasuwa ko na soji da jiragen ruwa manya da kanana da na shawagi. Idan suka bace a galibin lokuta, ba a ganin buraguzan jirgin balle a kaddamar da bincike kan dalilan da suka haddasa faruwar hadarin.

Wannan al’amari abin al’ajabi, a cewar masu bayar da labarai, bai tsaya a bacewar jirage tare da rashin ganin buraguzansu kadai ba, har da wasu labarai masu caza kwakwalwa kan irin yanayin da tekun ke kasancewa na launi da kuma dulmuya a wasu lokutan, ko kuma wasu irin dabi’u da ake ikirarin gira-gizan da ke saman teku ke shiga, a yayin aukuwar hadarurrukan da suka fara faruwa shekaru kusan 200 da suka gabata.

Ire-iren wadannan labarai sun samo asali ne daga irin jawaban da masu lura da na’urar filin saukan jiragen sama da ke tsibirin ke bayarwa. Ko wadanda ake tarawa wajen binciken da hukumomin gwamnatin Amurka da ke lura da ire-iren wadannan hadarurruka ke yi. Da wannan, marubuta suka sa wa wannan muhalli suna: ‘The Bermuda Triangle’ (Kusurwar Bamuda), ko kuma The Debil’s Triangle (Kusurwar Shedan).

A halin yanzu da dama cikin wadanda suka taba jin labarin wannan bigire na Bamuda, sun yarda cewa wani wuri ne mai cike da almara, kamar yadda galibin turawa masu bincike suka fada. Da kuma cewa babu wanda ya san abin da ke haddasa wannan al’amari, sai Allah (ga wadanda suka yarda da Allah kenan), ko kuma dabi’a ta shu’umcin wurin.

Wasu suka ce aljanu ne a wurin. Wasu suka ce akwai wasu halittu ne na musamman da a harshen Turanci ake kira Aliens, masu haddasa hakan. Wasu suka ce a a, irin yanayin wurin ne kawai. Da dai sauran ra’ayoyi masu kama da haka. Shin, meye gaskiyar wadannan zace-zace da ake ta yi kan wannan tsibiri, wane irin bincike aka yi wajen gano hakan?

Jiragen ruwa da na sama guda nawa suka bace a wannan mahalli? Rayuka nawa suka salwanta? Wa da wa suka yi rubuce- rubuce kan haka cikin Malam Kimiya da masu sha’awar rubutu kan al’amuran mamaki a duniya? Meye ra’ayin nazarin da Malaman Kimiyya suka yi kan dalilin faruwar wadannan abubuwan mamaki? Shin, wai ma tukun, a duniya akwai wasu wurare ne masu irin wannan dabi’a, ko dai tsibirin Bamuda ne kadai?

Idan har akwai, to me ya sa na tsibirin Bamuda ya sha bamban, ya shahara fiye da sauran a duniya? Wadannan, da ma wasu tambayoyi, za mu samu amsoshinsu cikin makonni masu zuwa in Allah Ya yarda.

A Ina Tsibirin Yake?

Kafin mu yi nisa, asalin tsibirin Bamuda, watau Bermuda Islands, yana gab da tsakiyar tekun Atlantika ne, Arewa da Jihar Fulorida da ke kasar Amurka. Kuma duk da cewa ana danganta wannan wuri ko kusurwa da tsibirin Bamuda, sai dai ba a wannan tsibiri kadai wannan kusurwa yake ba. Kusurwar Bamuda wani wuri ne da ya hada manyan gabar tekunan kasashe guda uku da ke nahiyar Arewaci da kuma Kudancin Amurka.

Kusurwar farko ta faro ne daga gabar Fulorida ta kasar Amurka, ta zarce zuwa gabar babban tsibirin Puerto Rico da ke Yamma maso- Kudu da gabar Fulorida. Daga tsibirin Puerto Rico kuma kusurwar ta cilla Arewa, inda ta tike a gabar tsibirin Bamuda da ke kusa da tsakiyar tekun Atlantika. Wannan wuri ko mahalllin teku da ke tsakanin wadannan gabobi guda uku, shi ake kira The Bermuda Triangle, ko The Debil’s Triangle.

An danganta wannan kusurwa da tsibirin Bamuda ne saboda a nan ya tike, kuma galibin ababen hawa kamar su jiragen sama da na ruwa wadanda ake amfani da su wajen kasuwanci da shawagi da atisayen soji a wannan nahiya, duk a can suke hallaka kafin su komo inda suka taso. Ko kuma daga can suke wucewa zuwa wasu nahiyoyin, irin su Turai da Arewacin Amurka da kasashen Asiya.

Wannan kusurwa ta Bamuda ita ce bigiren da jiragen sama da na ruwa ke shawagi fiye da kowane wuri a duniya. An kiyasta cewa akalla akan samu sawun jiragen sama daga wannan nahiya zuwa kasashen turai da sauran nahiyoyi, sama da 50,000 a shekara. Bayan haka, akwai jiragen ruwa da na kasuwanci da na shawagi ko yawon bude ido, da kuma jiragen saman atisayen soji da Hukumar Sojin Amurka ke turawa suna shawagi, watau kai-komo don yin atisaye.

Har wa yau, akwai masu shawagi da kananan kwale-kwalen shakatawa wadanda a harshen turanci ake kira ‘Pleasure Boats’, da kuma jiragen ruwan tsere da ake kira ‘Yatchers’. Bayan haka, akwai filayen saukar jiragen sama a dukkan kusurwoyin nan uku, tare da tashar jiragen ruwa masu karbar manya da kananan jiragen da ke shawagi a wannan wuri.

Sannan kuma sai miliyoyin masu zuwa yawon bude ido daga sauran kasashen duniya, musamman ma Amurka da Turai. A takaice dai, wannan wuri rayayyen wuri ne da sawun jirgin ruwa da na sama da na masu ziyara ba su daukewa; daga shekara zuwa shekara.

Zai dace mai karatu ya rike wannan karatu kan yawan zirga-zirgar da ake yi a wannan wuri, domin zai taimaka masa wajen karba ko rashin karbar dalilan da wasu marubuta suka bayar wajen yanke hukuncinsu na karshe. Yaushe Abin Ya Fara? Wannan kusurwa da ake wa take da “Kusurwar Shedan” – ko Debil’s Triangle – ya fara cin jiragen sama da na ruwa ne shekaru kusan dari biyu da suka gabata, duk da cewa ba a fara fahimtar hakan ba sai wajen shekaru casa’in zuwa dari da suka wuce.

Jiragen ruwa da kuma na sama da dama sun halaka sun bace bat sakamakon kokarin ratsawa ta wannan wuri na bamuda. Wata mujalla da ake kira da suna “national geographic magazine’’ ta bayyana wannan yanki na bamuda a matsayin alamari mafi girma kuma mafi rikitarwa da aka kasa fahimtarsa a wannan zamani.

Akwai jirage da dama da suka halaka a wannan wuri, misali a ranar 8 ga watan janairun 1962 wani jirgin sama da ake kira da suna aerial tanker kirar KB50 ya bace bat sakamakon bi ta sararin samaniyar wannan wuri, an kuma nemeshi ko sama ko kasa har yau ba'aji duriyarsa ba.

Duk da cewa a wancan lokaci kafafen yada labarai da dama sun sun bayar da rahoton cewa wannan jirgi ya yi hadari ne a sama sannan kuma ya fado ya nutse a cikin teku. Sai dai sakamakon cikakken bincike da aka gudanar ya musanta wadannan rahotanni na kafafen yada labarai, domin kuwa babu wata hujja daya tilo da ta tabbatar da hakan. Kuma wannan ba ita ce bacewa ta farko kuma ta ban alajabi ba, domin kuwa tun kafin wannan ta auku akwai wadansu jiragen guda biyu da suka hadu da irin wannan garari.

Na farko dai shine jirgi mai dauke da fasinja, babban jirgi mai lamba 19, wannan jirgi dai ya bace bat, sakamakon kokarin ratsawa ta sararin samaniyar wannan wuri na bamuda a shekarar 1945. sai kuma jirgi na biyu kirar NC16002 mai dauke da kungiyar maaikatan jirgi wanda shi kuma ya hadu da nasa gararin bacewara shekarar 1948.

Daga nan ne aka fara danganta hadarurrukan da suka gabata da wannan yanayi mai ban mamaki. Kamar yadda bayanai suka gabata, wannan kusurwa ta Bamuda ta yi kaurin suna ne wajen hadararruka masu ban mamaki, inda bayan hadarin ake rasa abin da ya haddasa shi, ko kuma a ma kasa samun buraguzai ko gawawwakin wadanda suka rasa rayukansu da ma na jirgin gaba daya.

Babu yanayin hazo mai firgitarwa, babu ruwan sama, babu alamar mahaukaciyar guguwa mai yi wa jiragen ruwa dibar karan mahaukaciya, amma sai kawai a ji hanyar sadarwar ta yanke. Mafi shahara daga cikin abubuwan mamaki da suka faru a wannan kusurwa shi ne hadarin tawagan jiragen kai hari da darkake abokan gaba na kasar Amurka masu suna Flight 19, wadanda hukumar sojin sama na kasar Amurka ta aika don yin shawagi a wannan kusurwa cikin shekarar 1945.

Duk da cewa ana lura da tafiyar wannan tawaga na jirage ta hanyar na’ura hangen nesa sa’adda suka baro cikin kasar Amurka, sai dai cikin lokaci guda kawai aka neme su aka rasa. Da aka nemi sadarwa da shugaban tawagar, sai ya ce: “A yanzu muna shiga wani irin farin ruwa ne…al’amura sun fara lalacewa. Bamu san inda muke ba a halin yanzu…ruwan kore ne…a a, fari ne!”, sai sadarwa ta yanke a tsakanin masu lura da na’urar da wannan shugaban tawaga.

Bayan faruwar wannan lamari, an yi ta bincike cikin teku ba a samu buraguzan wadannan jirage ba balle wadanda suke ciki. Babu wanda ke da wani bayani gamsasshe kan abin da ya haddasa wannan hadari har zuwa yau, balle bayani kan hakikanin wurin da abin ya auku.

A lokacin da aka tura wata tawaga ta manema jirage, da suka isa wurin da na’urar ta sanar da faduwarsu, babu abin da aka gani a wurin. Daga nan aka ci gaba da samun ire-iren wadannan hadarurruka masu ban mamaki da al’ajabi. Wasu a kan samu bayanai kan batansu, bayan tsawon lokaci; wasu kuma ko alama ba a samu, sai dai kawai a hakura.

Akwai dai hasashe na mutane daga fannonin ilimi daban daban dangane da kokarin bayyana abinda ya ke a wannan wuri na bamuda.

Misali masana ilimin sinadarin da ke janyo abu daga sama zuwa kasa suna ganin cewa a wannan yankin na bamuda akwai wani mayan karfe na musamman wanda yake da karfin fizgo duk wani abu da ya yi kokarin ratsa wannan wuri komai girmansa kuwa. Kuma dazarar ya zuko shi tun da yake a tsakiyar teku ne to shi kenan shifa halaka ta gabbata a gareshi, kuma ba za’a Kara jin duriyarsa ba.

Su kuwa masana ilimin falaki, suna ganin cewa, wannan wuri na bamuda da ke a cikin teku, wata kafa ce ta zuwa sauran duniyoyi, sabodahaka duk abin da ya bi ta cikinsa wato kamar dai ya tafi wata Duniyar ne ba ta Dan-adam ba .

Su kuma masana ilimin falsafa a nasu raayin, wurin na bamuda wata katafariyar fadar shedan ce, inda duk abin da yayi kokarin tsallakata zai halaka.

Wannan al’amari dai ba wai magana ce ta hadari ko tsautsayi ba magana ce ta bacewa bat a nemi abu ko sama ko kasa a rasa, saboda haka kenan batun sanin kididdigar yawan mutanen da suka halaka ko kuma yawan dukiyoyin da aka rasa abu ne mawuyaci.

Sai dai kawai maganar dai a nan itace cewar, wannan wuri da ake kira da suna Bamuda triangle gaskiya ne akwai shi, amma har yanzu Duniya bata tabbatar da ainihin ko menene a wannan wuriba. ZAN CI GABA INSHAALLAH.",No
,"YANZU-YANZU: A dakaci sakamakon rahoton ganin wata daga fadar mai alfarma Sarkin Musulmi na Najeriya kowane lokaci daga yanzu.

Ana tattara sakamako domin fitar da sanarwar gani ko akasin haka.....

SABON LABARI:
KARFE 7:48 KAI TSAYE: Rahotan ganin watan Shawwal 1443H daga fadar mai alfarma Sarkin Musulmi 

Assalamu Alaikum, 

Kwamitin ganin wata na Fadar mai alfarma Sarkin Musulmi na sanar da jama'a cewa kawo yanzu an karbi rahotanni daga 

-Misau, 
-Sokoto, 
-Kaduna, 
-Lagos, 
-Ilorin, 
-Abuja
Da kuma Abeokuta 

Duka wadannan garuruwa an duba amma ba aga jinjirin watan Shawwal ba kuma sararin samaniya lafoya lau babu hadari babu hazo....

Ya labarin ganin wata a wajajen ku?....

Ya labarin ganin wata a garuruwan ku?

Karin bayani https://muryoyi.com/2022/04/yanzu-yanzu-sarkin-musulmi-yace-ba-aga-watan-shawwal-a-najeriya-ba-don-haka-sallah-sai-ranar-litinin/",No
,"BAN BAKU LABARI BA!

Muka je kai amarya wani katon gida na yangayu, muka zagaya gidannan muna kauyanci, hatta fuLawar gidan sai da muka yi sharhi akanta, mune kitchen mune bandaki kai hatta karshen rufin saman gidan hawa na uku sai da muka haura.

Ashe wai maigida duk ya saka camera a ko'ina a gida, Allah ya rufa min asiri ina ta nanata kar amarya ta sake a zugata ta bi malamai ta ci arzikin da Allah ya kawota ta yiwa mjji biyayya.

Bayan miji ya dawo ya zauna ya ga duk abun da muka ce, ashe can wani sashi wasu na cewa ta tashi tsaye kar ta zauna tunda tana da uwargida, Allahya sa na tafi lokacin. 
.
Sai ga shi yana tambayar uwar amarya menene hadinta da matarnar ta Arewa24 (wai ni) daga ni sai wata kanwata mai shegen kaudi da muka dinga musu ya amince mu ci gaba da shiga gidansa.

Ni tashin hankalina irin yadda na dinga tattaba kayan yan gayu ina sharhi, domin a kitchen ma wata na'ura mun fi minti goma muna musu akanta.

Ato na dai gaya muku, idan kuka ganni a vedio ina kauyanci kar kuce ban gaya muku ba.😭😭😭",No
"I think you're giving these vapid whores too much credit.Even if you were a chad, you will never have true love and meaningful life with a foid like that.Deep down,you know she's a whore and that she's staying with you because of how you look.","Ina ganin kuna ba wa waɗannan 'yan mata masu rauni ƙima fiye da yadda suka cancanta. Ko da kai ne wanda kowa ke so, ba za ka taɓa samun ƙauna ta gaskiya da rayuwa mai ma’ana tare da irin wannan mace ba. A cikin zuciyarka, ka san tana zaune tare da kai ne saboda kyan fuskarka, ba don wani dalili ba.",Yes
Stupid old hag!! 😜,Wawiyar tsohuwar kilaki.,Yes
"That's because in general women are the primary caregivers. """"Caregiving"""" (tm), as though the typical foid nowadays can actually run a house. They sit around pontificating on social media and fantasizing about chad cock.","Hakan ya faru ne saboda mata sune matakin farko na bada lafiya. """"lura da lafiya"""" (tm) sai kace wadannan lalatattun zasu iya kula da gida. kullum suna yanar gizo suna tunanin azzakari.",Yes
Because of weak men like him that women feel entitled to exploit men like dogs...,Saboda maza masu rauni irin sa ne yasa mata ke jin zasu iya juya maza kaman karnuka..,Yes
,"Bayan jin wani labari daga jigogin jam'iyyar APC na mazabar GwanGwan wai sunyi shiri tsaf gobe zasuje suyi zama da dankarar jam'iyyar APC a kujerar Gwamna jahar Kano Dr.Nasiru Yusuf Gawuna donsu tattauna akan yadda zasu shawo kan yan jam'iyyarsu dasuka barjam'iyyar 

To ai inda zaku saurareni dana baku shawara to amma dai Allah yasa adawo lafiya daga nan don Allah agaidamin da GWAGGO",No
She disobeyed her male keeper. She knew the rules.,Ta saɓa wa namijin dake kula da ita. Ta san ƙai'dodin ai.,Yes
[USER] Lol Stop being her bitch. She lost get over it!,[USER] hahaha ki bar kasancewa karuwar ta. tayi asara ka yarda da hakan,Yes
,"Hotunan Yadda Aka Naɗa Kasurgimin Dan Bindiga Ado Aleru Sarkin Fulanin Masarautar Yandoton Daji A Jihar Zamfara Da Misalin Karfe 3:30 Na Yammacin Jiya Asabar

Ado Aleru shi ne shugaban 'yan bindiga da ke addabar al’ummar jihohinKatsina da Zamfara. 

Rundunar ‘yan sandan jihar Katsina ta bayyana neman sa a shekarar 2019 tare da bayarda kyautar Naira miliyan 5 ga wanda ya kawo shi ko ya bayarda labari inda za a same shi.
📸Hon Sageer Tarda Ungogo

Jaridar Najeriya",No
No divorced woman is family oriented.,Babu mata da aka sake ta wacce take da ilimin yanda ake tafiyar da iyali.,Yes
Bro you’re good! At any point in a conversation with a woman you can say exactly this: “can I cook for you sometime” or “Want to listen to me play music” and they will melt hahaa,"Aboki, kai jan wuya ne! A kowace hira da mace, zaka iya cewa daidai wannan: “Zan iya dafa miki abinci wani lokaci?” ko kuma “Kina son ki ji ni ina busa kida?” Sai su yi ta nutsuwa da murmushi, hahaha.",Yes
"There's a belief that when a woman becomes a mom she is granted some mother rights or something that excuses a lot of awful toxic behaviour. """"I'm your MOTHER"""" is used frequently when they disrespect or break a boundary.","Akwai ra'ayin cewa idan mace ta zama uwa, ana ba ta wasu hakkoki na musamman ko wani abu da ke ba ta damar yin wasu halaye marasa kyau. Ana yawan amfani da kalmar """"""""Ni UWA ce a gare ka"""""""" lokacin da suke nuna rashin girmamawa ko karya wasu ƙa'idodi.",Yes
Most women I know in their early 20's have a count over over 20. Also I'm being modest.,Yawanci matan da na sani masu shekaru ashirin da 'yan kai sun kwanta da maza sama da 20. hakan ma aƙalla kenan.,Yes
,"Minister of Justice Abubakar Malami tare da Matan sa Biyu Hajia Aisha da Amarya Hajia Hadiza Muhammadu Buhari. 

Allah baku Zaman Zaman Lafia da Zuri'ah Dayyiba.",No
,"Saurayi ya je wajen wani Malami ya ce, me ake nufi da Jarumta?

Malam ya ce, Haɗiye fushi, da kuma ƙin ɗaukar fansa ga wanda ya munana maka, da haƙuri da wautar mutane, da kuma juriya...

Saurayi sai ya kifawa Malami Mari....!!!!!

Malam yasa ɗalibai suka yiwa Saurayin nan dukan ƙoshi....!!!!

Saurayi da ya dawo hayyacinsa ya ce, Malam me yasa kuke Umartar mutane da aikata abin da ba zaku iya aikatawa ba.....!!!!????",No
,"Gashi Malami mahaddacin Kur'ani 
Gashi basarake, Barayan Karaye
Gashi dan'boko, Engineer na wutar lantarki
Gashi dan kasuwa, mai safarar kaya daga ketare
Gashi dan gwagwarmaya, munyi kungiyoyi tare

Ina gabatar mu ku da Engr Ibrahim Karaye. Wannan bawan Allahn mutumin kirki ne da ya kamata ya wakilci al'umar Karaye/Rogo federal constituency a zaben 2023 karkashin NNPP mai kayan dadi. Wakilcin irin su mu ke bukata daga Arewa. 

Ku tayani rokar wannan bawan Allah, masoyin Engr. Rabiu Musa Kwankwaso na hakika da ya fito takarar dan majalisar tarayya🤲",No
,"Innalillahi wa inna ilaihir raji'un. YANZU YANZU: muke samun labarin rasuwar Rafi'atu Bello Sada. wace take, yar' uwa ga Muhamad Bello Sada malami ne a sashen, koyarda aikin Jarida dake hassan usman katsina, Positivelytechnic. Janaza insha Allahu da karfe 2:30 na rana a masallacin juma'a na Abubakar Siddiq, Filin Samji Katsina.

Ta bar wasiyya cewa kada a saka hotonta don Allah. 

Moonlight",No
